Pop,GEN_ID,FCA126a,FCA126b,FCA424a,FCA424b,FCA096a,FCA096b,FCA069a,FCA069b,FCA718a,FCA718b,FCA008a,FCA008b,FCA082a,FCA082b,FCA006a,FCA006b,FCA031a,FCA031b,FCA1018a,FCA1018b,LCA110a,LCA110b,FCA650a,FCA650b,FCA723a,FCA723b,FCA742a,FCA742b,F115a,F115b,HDZ700a,HDZ700b,FCA293a,FCA293b,FCA567a,FCA567b,FCA026a,FCA026b,FCA576a,FCA576b,FCA201a,FCA201b,FCA005a,FCA005b,FCA149a,FCA149b,SRYa,SRYb,Fzfa,Fzfb
MSY25009AR,Y250574,128,128,164,172,211,213,94,94,212,220,134,136,241,247,175,175,229,229,182,182,98,102,130,130,0,0,110,126,226,226,147,147,175,175,83,85,143,143,131,131,133,147,140,140,125,125,0,0,162,162
MSY25009AR,Y250574,128,128,164,172,213,213,94,94,212,212,134,136,0,0,175,177,229,229,182,182,98,98,130,130,0,0,0,0,226,226,147,147,175,175,83,85,143,143,131,131,133,147,140,140,125,125,0,0,162,162
MSY25009AR,Y250574,128,128,164,172,211,213,94,94,212,220,134,136,241,241,175,177,0,0,182,182,98,98,130,130,173,173,110,126,226,226,147,147,175,175,83,85,143,143,131,131,133,147,140,140,125,125,0,0,162,162
Cons,Y250574,128,128,164,172,211,213,94,94,212,220,134,136,241,247,175,177,229,229,182,182,98,102,130,130,173,173,110,126,226,226,147,147,175,175,83,85,143,143,131,131,133,147,140,140,125,125,0,0,162,162
MSY25009AR,Y250581,128,128,164,172,213,215,94,94,212,220,134,136,241,247,175,177,229,229,182,182,98,100,130,130,173,173,110,126,226,226,147,147,175,175,83,85,143,143,131,131,133,147,140,140,125,125,0,0,162,162
MSY25009AR,Y250581,128,128,164,172,213,215,94,94,212,220,134,136,241,247,175,177,229,229,182,182,98,100,130,130,173,173,110,126,226,226,147,147,175,175,83,85,143,143,131,131,133,147,140,140,125,125,0,0,162,162
MSY25009AR,Y250581,128,128,164,172,213,215,94,94,212,220,134,136,241,247,175,177,229,229,182,182,98,100,130,130,173,173,110,126,226,226,147,147,175,175,83,85,143,143,131,131,133,147,140,140,125,125,0,0,162,162
Cons,Y250581,128,128,164,172,213,215,94,94,212,220,134,136,241,247,175,177,229,229,182,182,98,100,130,130,173,173,110,126,226,226,147,147,175,175,83,85,143,143,131,131,133,147,140,140,125,125,0,0,162,162
MSY25009AR,Y250582,128,128,164,172,0,0,94,94,212,220,134,136,0,0,175,175,229,229,182,182,98,100,130,130,173,173,110,126,226,226,147,147,175,175,83,85,143,143,131,131,133,147,140,140,125,125,0,0,162,162
MSY25009AR,Y250582,128,128,164,172,211,213,94,94,212,212,134,136,0,0,175,177,229,229,182,182,98,100,130,130,173,173,0,0,226,226,147,147,175,175,83,85,143,143,131,131,133,147,140,140,125,125,0,0,162,162
MSY25009AR,Y250582,128,128,172,172,0,0,94,94,212,220,134,136,0,0,175,177,229,229,182,182,98,98,130,130,173,173,110,126,0,0,147,147,175,175,83,85,143,143,131,131,133,147,140,140,125,125,0,0,162,162
Cons,Y250582,128,128,164,172,211,213,94,94,212,220,134,136,0,0,175,177,229,229,182,182,98,100,130,130,173,173,110,126,226,226,147,147,175,175,83,85,143,143,131,131,133,147,140,140,125,125,0,0,162,162
MSY25009AR,Y250585,128,128,164,172,0,0,94,94,212,220,134,136,0,0,175,177,0,0,182,182,98,98,130,130,173,173,0,0,0,0,147,147,175,175,83,85,143,143,131,131,133,147,140,140,125,125,0,0,162,162
MSY25009AR,Y250585,128,128,172,172,213,213,94,94,212,220,134,136,0,0,175,175,0,0,182,182,98,98,130,130,173,173,110,110,0,0,147,147,175,175,83,85,143,143,131,131,133,147,140,140,125,125,0,0,162,162
MSY25009AR,Y250585,128,134,164,172,213,213,94,94,220,220,134,136,0,0,0,0,0,0,182,182,98,98,130,130,0,0,110,126,0,0,147,147,175,175,83,85,143,143,131,131,133,147,140,140,125,125,0,0,162,162
Cons,Y250585,128,134,164,172,213,213,94,94,212,220,134,136,0,0,175,177,0,0,182,182,98,98,130,130,173,173,110,126,0,0,147,147,175,175,83,85,143,143,131,131,133,147,140,140,125,125,0,0,162,162
MSY25018KB,Y250568,128,128,164,172,213,213,94,94,212,220,134,136,247,247,175,177,229,229,182,182,98,100,130,130,0,0,0,0,226,226,147,147,175,175,83,85,143,143,131,131,133,147,140,140,125,125,0,0,162,162
MSY25018KB,Y250568,126,128,164,172,213,215,94,94,212,220,134,136,247,247,175,177,229,229,182,182,98,98,130,130,0,0,126,126,226,226,147,147,175,175,83,83,143,143,131,131,133,147,140,140,125,125,0,0,162,162
MSY25018KB,Y250568,128,128,164,172,213,213,94,94,212,220,134,136,241,241,175,177,0,0,182,182,98,98,130,130,0,0,110,126,226,226,147,147,175,175,83,85,143,143,131,131,133,147,140,140,125,125,0,0,162,162
Cons,Y250568,126,128,164,172,213,215,94,94,212,220,134,136,241,247,175,177,229,229,182,182,98,100,130,130,0,0,110,126,226,226,147,147,175,175,83,85,143,143,131,131,133,147,140,140,125,125,0,0,162,162
MSY25018KB,Y250566,128,128,164,172,213,215,94,94,212,220,134,136,241,247,175,177,229,229,182,182,98,100,130,130,0,0,126,126,226,226,147,147,175,175,83,85,143,143,131,131,133,147,140,140,125,125,0,0,162,162
MSY25018KB,Y250566,128,128,164,172,213,215,94,94,212,220,134,136,241,247,175,177,229,229,182,182,98,100,130,130,0,0,110,126,226,226,147,147,175,175,83,85,143,143,131,131,133,147,140,140,125,125,0,0,162,162
MSY25018KB,Y250566,128,128,164,172,213,215,94,94,212,220,134,136,241,247,175,177,229,229,182,182,98,100,130,130,173,173,110,126,226,226,147,147,175,175,83,85,143,143,131,131,133,147,140,140,125,125,0,0,162,162
Cons,Y250566,128,128,164,172,213,215,94,94,212,220,134,136,241,247,175,177,229,229,182,182,98,100,130,130,173,173,110,126,226,226,147,147,175,175,83,85,143,143,131,131,133,147,140,140,125,125,0,0,162,162
MSY25018KB,Y250570,128,128,164,172,213,215,94,94,212,220,134,136,241,247,175,177,229,229,182,182,98,98,130,130,0,0,110,126,226,226,147,147,175,175,83,85,143,143,131,131,133,147,140,140,125,125,0,0,162,162
MSY25018KB,Y250570,128,128,164,172,213,215,94,94,212,220,134,136,241,247,175,177,229,229,182,182,98,100,130,130,173,173,110,126,226,226,147,147,175,175,83,85,143,143,131,131,133,147,140,140,125,125,0,0,162,162
MSY25018KB,Y250570,128,128,164,172,213,215,94,94,212,220,134,136,241,241,175,177,229,229,182,182,98,100,130,130,173,173,110,126,226,226,147,147,175,175,83,85,143,143,131,131,133,147,140,140,125,125,0,0,162,162
Cons,Y250570,128,128,164,172,213,215,94,94,212,220,134,136,241,247,175,177,229,229,182,182,98,100,130,130,173,173,110,126,226,226,147,147,175,175,83,85,143,143,131,131,133,147,140,140,125,125,0,0,162,162
MSY25018KB,Y250573,128,128,164,172,213,215,94,94,212,220,134,136,241,247,175,177,229,229,182,182,98,98,130,130,0,0,110,126,226,226,147,147,175,175,83,85,143,143,131,131,133,147,140,140,125,125,0,0,162,162
MSY25018KB,Y250573,128,128,164,172,213,215,94,94,212,220,134,136,241,247,175,177,229,229,182,182,98,100,130,130,173,173,110,126,226,226,147,147,175,175,83,85,143,143,131,131,133,147,140,140,125,125,0,0,162,162
MSY25018KB,Y250573,128,128,164,172,213,215,94,94,212,220,134,136,241,247,175,177,229,229,182,182,98,100,130,130,173,173,110,126,226,226,147,147,175,175,83,85,143,143,131,131,133,147,140,140,125,125,0,0,162,162
Cons,Y250573,128,128,164,172,213,215,94,94,212,220,134,136,241,247,175,177,229,229,182,182,98,100,130,130,173,173,110,126,226,226,147,147,175,175,83,85,143,143,131,131,133,147,140,140,125,125,0,0,162,162
MSY25018KB,Y250571,128,128,164,172,213,213,94,94,212,220,134,136,241,247,175,177,229,229,182,182,98,98,130,130,173,173,126,126,226,226,147,147,175,175,83,85,143,143,131,131,133,147,140,140,125,125,0,0,162,162
MSY25018KB,Y250571,128,128,172,172,213,215,94,94,212,212,134,136,241,247,175,177,229,229,182,182,98,98,130,130,0,0,0,0,226,226,147,147,175,175,83,85,143,143,131,131,133,147,140,140,125,125,0,0,162,162
MSY25018KB,Y250571,128,128,164,172,213,215,94,94,212,220,134,136,241,247,175,177,229,229,182,182,98,98,130,130,173,173,0,0,226,226,147,147,175,175,83,85,143,143,131,131,133,147,140,140,125,125,0,0,162,162
Cons,Y250571,128,128,164,172,213,215,94,94,212,220,134,136,241,247,175,177,229,229,182,182,98,98,130,130,173,173,126,126,226,226,147,147,175,175,83,85,143,143,131,131,133,147,140,140,125,125,0,0,162,162
MSY25009AR,Y250580,128,128,164,172,213,215,94,94,212,220,134,136,241,247,175,177,229,229,182,182,98,100,130,130,173,173,110,126,226,226,147,147,175,175,83,85,143,143,131,131,133,147,140,140,125,125,0,0,162,162
MSY25009AR,Y250580,128,128,164,172,213,215,94,94,212,220,134,136,241,247,175,177,229,229,182,182,98,100,130,130,173,173,110,126,226,226,147,147,175,175,83,85,143,143,131,131,133,147,140,140,125,125,0,0,162,162
MSY25009AR,Y250580,126,128,164,172,213,215,94,94,212,220,134,136,241,247,175,177,229,229,182,182,98,100,130,130,173,173,110,126,226,226,147,147,175,175,83,85,143,143,131,131,133,147,140,140,125,125,0,0,162,162
Cons,Y250580,126,128,164,172,213,215,94,94,212,220,134,136,241,247,175,177,229,229,182,182,98,100,130,130,173,173,110,126,226,226,147,147,175,175,83,85,143,143,131,131,133,147,140,140,125,125,0,0,162,162
MSY25017KB,Y250561,128,128,164,172,213,215,94,94,212,220,134,136,241,247,175,177,229,229,182,182,98,100,130,130,173,173,110,126,226,226,147,147,175,175,83,85,143,143,131,131,133,147,140,140,125,125,0,0,162,162
MSY25017KB,Y250561,128,128,164,172,213,215,94,94,212,220,134,136,241,247,175,177,229,229,182,182,98,100,130,130,173,173,110,126,226,226,147,147,175,175,83,85,143,143,131,131,133,147,140,140,125,125,0,0,162,162
MSY25017KB,Y250561,128,128,164,172,213,215,94,94,212,220,134,136,241,247,175,177,229,229,182,182,98,100,130,130,173,173,126,126,226,226,147,147,175,175,83,85,143,143,131,131,133,147,140,140,125,125,0,0,162,162
Cons,Y250561,128,128,164,172,213,215,94,94,212,220,134,136,241,247,175,177,229,229,182,182,98,100,130,130,173,173,110,126,226,226,147,147,175,175,83,85,143,143,131,131,133,147,140,140,125,125,0,0,162,162
MSY25017KB,Y250563,128,128,164,172,213,215,94,94,212,220,134,136,241,247,175,177,229,229,182,182,98,100,130,130,173,173,110,126,226,226,147,147,175,175,83,85,143,143,131,131,133,147,140,140,125,125,0,0,162,162
MSY25017KB,Y250563,128,128,164,172,213,215,94,94,212,220,134,136,241,247,175,177,229,229,182,182,98,100,130,130,173,173,110,126,226,226,147,147,175,175,83,85,143,143,131,131,133,147,140,140,125,125,0,0,162,162
MSY25017KB,Y250563,128,128,164,172,213,215,94,94,212,220,134,136,241,247,175,177,229,229,182,182,98,100,130,130,173,173,110,126,226,226,147,147,175,175,83,85,143,143,131,131,133,147,140,140,125,125,0,0,162,162
Cons,Y250563,128,128,164,172,213,215,94,94,212,220,134,136,241,247,175,177,229,229,182,182,98,100,130,130,173,173,110,126,226,226,147,147,175,175,83,85,143,143,131,131,133,147,140,140,125,125,0,0,162,162
MSY25018KB,Y250567,128,128,164,172,213,215,94,94,212,220,134,136,241,247,175,177,229,229,182,182,98,100,130,130,173,173,110,126,226,226,147,147,175,175,83,85,143,143,131,131,133,147,140,140,125,125,0,0,162,162
MSY25018KB,Y250567,128,128,164,172,213,215,94,94,212,220,134,136,241,247,175,177,229,229,182,182,98,98,130,130,173,173,110,126,226,226,147,147,175,175,83,85,143,143,131,131,133,147,140,140,125,125,0,0,162,162
MSY25018KB,Y250567,128,128,164,172,213,215,94,94,212,220,134,136,241,247,175,177,229,229,182,182,98,100,130,130,173,173,110,126,226,226,147,147,175,175,83,85,143,143,131,131,133,147,140,140,125,125,0,0,162,162
Cons,Y250567,128,128,164,172,213,215,94,94,212,220,134,136,241,247,175,177,229,229,182,182,98,100,130,130,173,173,110,126,226,226,147,147,175,175,83,85,143,143,131,131,133,147,140,140,125,125,0,0,162,162
MSY25017KB,Y250562,128,128,164,172,213,215,94,94,212,220,134,136,241,247,175,177,229,229,182,182,98,100,130,130,173,173,110,126,226,226,147,147,175,175,83,85,143,143,131,131,133,147,140,140,125,125,0,0,162,162
MSY25017KB,Y250562,128,128,164,172,213,215,94,94,212,220,134,136,241,247,175,177,229,229,182,182,98,100,130,130,173,173,110,126,226,226,147,147,175,175,83,85,143,143,131,131,133,147,140,140,125,125,0,0,162,162
MSY25017KB,Y250562,128,128,164,172,213,215,94,94,212,220,134,136,241,247,175,177,229,229,182,182,98,100,130,130,173,173,110,126,226,226,147,147,175,175,83,85,143,143,131,131,133,147,140,140,125,125,0,0,162,162
Cons,Y250562,128,128,164,172,213,215,94,94,212,220,134,136,241,247,175,177,229,229,182,182,98,100,130,130,173,173,110,126,226,226,147,147,175,175,83,85,143,143,131,131,133,147,140,140,125,125,0,0,162,162
MSY25018KB,Y250569,128,128,164,172,213,215,94,94,212,220,134,136,241,247,175,177,229,229,182,182,98,100,130,130,173,173,110,126,226,226,147,147,175,175,83,85,143,143,131,131,133,147,140,140,125,125,0,0,162,162
MSY25018KB,Y250569,128,128,164,172,213,215,94,94,212,220,134,136,241,247,175,177,229,229,182,182,98,100,130,130,173,173,110,126,226,226,147,147,175,175,83,85,143,143,131,131,133,147,140,140,125,125,0,0,162,162
MSY25018KB,Y250569,128,128,164,172,213,215,94,94,212,220,134,136,241,247,175,177,229,229,182,182,98,98,130,130,173,173,110,126,226,226,147,147,175,175,83,85,143,143,131,131,133,147,140,140,125,125,0,0,162,162
Cons,Y250569,128,128,164,172,213,215,94,94,212,220,134,136,241,247,175,177,229,229,182,182,98,100,130,130,173,173,110,126,226,226,147,147,175,175,83,85,143,143,131,131,133,147,140,140,125,125,0,0,162,162
MSY25017KB,Y250564,128,128,164,172,213,215,94,94,212,220,134,136,241,247,175,177,229,229,182,182,98,100,130,130,173,173,110,126,226,226,147,147,175,175,83,85,143,143,131,131,133,147,140,140,125,125,0,0,162,162
MSY25017KB,Y250564,128,128,164,172,213,215,94,94,212,220,134,136,241,247,175,177,229,229,182,182,98,98,130,130,173,173,110,126,226,226,147,147,175,175,83,85,143,143,131,131,133,147,140,140,125,125,0,0,162,162
MSY25017KB,Y250564,128,128,164,172,213,215,94,94,212,220,134,136,241,247,175,177,229,229,182,182,98,100,130,130,173,173,110,126,226,226,147,147,175,175,83,85,143,143,131,131,133,147,140,140,125,125,0,0,162,162
Cons,Y250564,128,128,164,172,213,215,94,94,212,220,134,136,241,247,175,177,229,229,182,182,98,100,130,130,173,173,110,126,226,226,147,147,175,175,83,85,143,143,131,131,133,147,140,140,125,125,0,0,162,162
MSY25017KB,Y250565,128,128,164,172,213,215,94,94,212,220,134,136,241,247,175,177,229,229,182,182,98,100,130,130,173,173,110,126,226,226,147,147,175,175,83,85,143,143,131,131,133,147,140,140,125,125,0,0,162,162
MSY25017KB,Y250565,128,128,164,172,213,215,94,94,212,220,134,136,241,247,175,177,229,229,182,182,98,100,130,130,173,173,110,126,226,226,147,147,175,175,83,85,143,143,131,131,133,147,140,140,125,125,0,0,162,162
MSY25017KB,Y250565,128,128,164,172,0,0,94,94,212,220,0,0,0,0,175,177,229,229,182,182,98,100,130,130,173,173,110,126,226,226,147,147,0,0,0,0,143,143,131,131,133,147,140,140,125,125,0,0,0,0
Cons,Y250565,128,128,164,172,213,215,94,94,212,220,134,136,241,247,175,177,229,229,182,182,98,100,130,130,173,173,110,126,226,226,147,147,175,175,83,85,143,143,131,131,133,147,140,140,125,125,0,0,162,162
MSY25018KB,Y250572,128,128,164,172,213,215,94,94,212,220,134,136,241,247,175,177,229,229,182,182,98,98,130,130,173,173,110,126,226,226,147,147,175,175,83,85,143,143,131,131,133,147,140,140,125,125,0,0,162,162
MSY25018KB,Y250572,128,128,164,172,213,215,94,94,212,220,134,136,241,247,175,177,229,229,182,182,98,100,130,130,173,173,110,126,226,226,147,147,175,175,83,85,143,143,131,131,133,147,140,140,125,125,0,0,162,162
MSY25018KB,Y250572,128,128,164,172,213,215,94,94,212,220,134,136,241,247,175,177,229,229,182,182,98,100,130,130,173,173,110,126,226,226,147,147,175,175,83,85,143,143,131,131,133,147,140,140,125,125,0,0,162,162
Cons,Y250572,128,128,164,172,213,215,94,94,212,220,134,136,241,247,175,177,229,229,182,182,98,100,130,130,173,173,110,126,226,226,147,147,175,175,83,85,143,143,131,131,133,147,140,140,125,125,0,0,162,162
MSY25010AR,Y250575,128,128,164,172,213,213,94,94,212,220,134,136,241,247,175,177,229,229,182,182,98,100,130,130,173,173,0,0,226,226,147,147,175,175,83,85,143,143,131,131,147,147,140,140,125,125,0,0,162,162
MSY25010AR,Y250575,128,128,164,172,213,213,94,94,212,212,134,136,241,247,175,177,229,229,182,182,98,100,130,130,173,173,0,0,226,226,147,147,175,175,83,85,143,143,131,131,133,147,140,140,125,125,0,0,162,162
MSY25010AR,Y250575,128,128,164,172,213,213,94,94,212,220,134,136,241,247,175,175,229,229,182,182,98,98,130,130,173,173,0,0,226,226,147,147,175,175,83,85,143,143,131,131,147,147,140,140,125,125,0,0,162,162
Cons,Y250575,128,128,164,172,213,213,94,94,212,220,134,136,241,247,175,177,229,229,182,182,98,100,130,130,173,173,0,0,226,226,147,147,175,175,83,85,143,143,131,131,133,147,140,140,125,125,0,0,162,162
MSY25010AR,Y250576,128,128,164,172,213,215,94,94,212,220,134,136,241,247,175,177,229,229,182,182,98,100,130,130,173,173,0,0,226,226,147,147,175,175,83,85,143,143,131,131,133,147,140,140,125,125,0,0,162,162
MSY25010AR,Y250576,126,128,164,172,213,213,94,94,212,220,134,136,241,247,175,177,229,229,182,182,98,100,130,130,173,173,0,0,226,226,147,147,175,175,83,85,143,143,131,131,133,147,140,140,125,125,0,0,162,162
MSY25010AR,Y250576,128,128,164,172,213,213,94,94,212,220,134,136,241,247,175,177,229,229,182,182,98,98,130,130,173,173,0,0,226,226,147,147,175,175,83,85,143,143,131,131,133,147,140,140,125,125,0,0,162,162
Cons,Y250576,126,128,164,172,213,215,94,94,212,220,134,136,241,247,175,177,229,229,182,182,98,100,130,130,173,173,0,0,226,226,147,147,175,175,83,85,143,143,131,131,133,147,140,140,125,125,0,0,162,162
MSY25010AR,Y250577,128,128,164,172,213,215,94,94,212,220,134,136,241,247,175,177,229,229,182,182,98,100,130,130,173,173,0,0,226,226,147,147,175,175,83,85,143,143,131,131,133,147,140,140,125,125,0,0,162,162
MSY25010AR,Y250577,128,128,164,172,213,215,94,94,212,220,134,136,241,247,175,177,229,229,182,182,98,100,130,130,173,173,110,126,226,226,147,147,175,175,83,85,143,143,131,131,133,147,140,140,125,125,0,0,162,162
MSY25010AR,Y250577,128,128,164,172,213,215,94,94,212,220,134,136,241,247,175,177,229,229,182,182,98,98,130,130,173,173,0,0,226,226,147,147,175,175,83,85,143,143,131,131,133,147,140,140,125,125,0,0,162,162
Cons,Y250577,128,128,164,172,213,215,94,94,212,220,134,136,241,247,175,177,229,229,182,182,98,100,130,130,173,173,110,126,226,226,147,147,175,175,83,85,143,143,131,131,133,147,140,140,125,125,0,0,162,162
MSY25010AR,Y250578,128,128,164,172,213,215,94,94,212,220,134,136,241,247,175,177,229,229,182,182,98,100,130,130,173,173,0,0,226,226,147,147,175,175,83,85,143,143,131,131,133,147,140,140,125,125,0,0,162,162
MSY25010AR,Y250578,128,128,164,172,213,215,94,94,212,220,134,136,241,247,175,177,229,229,182,182,98,100,130,130,173,173,110,126,226,226,147,147,175,175,83,85,143,143,131,131,133,147,140,140,125,125,0,0,162,162
MSY25010AR,Y250578,128,128,164,172,213,215,94,94,212,220,134,136,241,247,175,177,229,229,182,182,98,100,130,130,173,173,110,126,226,226,147,147,175,175,83,85,143,143,131,131,133,147,140,140,125,125,0,0,162,162
Cons,Y250578,128,128,164,172,213,215,94,94,212,220,134,136,241,247,175,177,229,229,182,182,98,100,130,130,173,173,110,126,226,226,147,147,175,175,83,85,143,143,131,131,133,147,140,140,125,125,0,0,162,162
MSY25010AR,Y250579,128,128,164,172,213,215,94,94,212,220,134,136,241,247,175,177,229,229,182,182,98,100,130,130,173,173,0,0,226,226,147,147,175,175,83,85,143,143,131,131,133,147,140,140,125,125,0,0,162,162
MSY25010AR,Y250579,128,128,164,172,213,215,94,94,212,220,134,136,241,247,175,177,229,229,182,182,98,100,130,130,173,173,110,126,226,226,147,147,175,175,83,85,143,143,131,131,133,147,140,140,125,125,0,0,162,162
MSY25010AR,Y250579,128,128,164,172,213,215,94,94,212,220,134,136,241,247,175,177,229,229,182,182,98,100,130,130,173,173,110,126,226,226,147,147,175,175,83,85,143,143,131,131,133,147,140,140,125,125,0,0,162,162
Cons,Y250579,128,128,164,172,213,215,94,94,212,220,134,136,241,247,175,177,229,229,182,182,98,100,130,130,173,173,110,126,226,226,147,147,175,175,83,85,143,143,131,131,133,147,140,140,125,125,0,0,162,162
MSY25011AR,Y250584,128,128,164,172,213,215,94,94,212,220,134,136,241,247,175,177,229,229,182,182,98,100,130,130,173,173,110,110,226,226,147,147,175,175,83,85,143,143,131,131,133,147,140,140,125,125,0,0,162,162
MSY25011AR,Y250584,128,128,164,172,213,215,94,94,212,220,134,136,241,247,175,177,229,229,182,182,98,100,130,130,173,173,110,126,226,226,147,147,175,175,83,85,143,143,131,131,133,147,140,140,125,125,0,0,162,162
MSY25011AR,Y250584,128,128,164,172,213,215,94,94,212,220,134,136,241,247,175,177,229,229,182,182,98,100,130,130,173,173,110,126,226,226,147,147,175,175,83,85,143,143,131,131,133,147,140,140,125,125,0,0,162,162
Cons,Y250584,128,128,164,172,213,215,94,94,212,220,134,136,241,247,175,177,229,229,182,182,98,100,130,130,173,173,110,126,226,226,147,147,175,175,83,85,143,143,131,131,133,147,140,140,125,125,0,0,162,162
MSY25011AR,Y250586,128,128,164,172,0,0,94,94,212,220,134,136,241,247,177,177,0,0,182,182,98,100,130,130,173,173,0,0,0,0,147,147,175,175,83,85,143,143,131,131,133,147,140,140,125,125,0,0,162,162
MSY25011AR,Y250586,128,128,172,172,0,0,94,94,212,220,134,136,241,247,177,177,229,229,182,182,98,98,130,130,173,173,0,0,226,226,147,147,175,175,83,85,143,143,131,131,133,147,140,140,125,125,0,0,162,162
MSY25011AR,Y250586,128,128,164,172,213,215,94,94,220,220,134,136,247,247,175,175,0,0,182,182,98,100,130,130,173,173,0,0,226,226,147,147,175,175,83,85,143,143,131,131,133,147,140,140,125,125,0,0,162,162
Cons,Y250586,128,128,164,172,213,215,94,94,212,220,134,136,241,247,175,177,229,229,182,182,98,100,130,130,173,173,0,0,226,226,147,147,175,175,83,85,143,143,131,131,133,147,140,140,125,125,0,0,162,162
MSY25011AR,Y250587,128,128,164,172,213,215,94,94,212,220,134,136,241,247,175,177,229,229,182,182,98,98,130,130,173,173,110,126,226,226,147,147,175,175,83,85,143,143,131,131,133,147,140,140,125,125,0,0,162,162
MSY25011AR,Y250587,128,128,164,172,213,215,94,94,212,220,134,136,241,247,175,177,229,229,182,182,98,100,130,130,0,0,0,0,226,226,147,147,175,175,83,85,143,143,131,131,133,147,140,140,125,125,0,0,162,162
MSY25011AR,Y250587,128,128,164,172,213,215,94,94,212,220,134,136,241,247,175,177,229,229,182,182,98,100,130,130,173,173,0,0,226,226,147,147,175,175,83,85,143,143,131,131,133,147,140,140,125,125,0,0,162,162
Cons,Y250587,128,128,164,172,213,215,94,94,212,220,134,136,241,247,175,177,229,229,182,182,98,100,130,130,173,173,110,126,226,226,147,147,175,175,83,85,143,143,131,131,133,147,140,140,125,125,0,0,162,162
MSY25011AR,Y250588,128,128,164,172,213,215,94,94,212,220,134,136,241,247,175,177,229,229,182,182,98,100,130,130,173,173,110,126,226,226,147,147,175,175,83,85,143,143,131,131,133,147,140,140,125,125,0,0,162,162
MSY25011AR,Y250588,128,128,164,172,213,215,94,94,212,220,134,136,241,247,175,177,229,229,182,182,98,100,130,130,173,173,110,126,226,226,147,147,175,175,83,85,143,143,131,131,133,147,140,140,125,125,0,0,162,162
MSY25011AR,Y250588,128,128,164,172,213,215,94,94,212,220,134,136,241,247,175,177,229,229,182,182,98,100,130,130,173,173,0,0,226,226,147,147,175,175,83,85,143,143,131,131,133,147,140,140,125,125,0,0,162,162
Cons,Y250588,128,128,164,172,213,215,94,94,212,220,134,136,241,247,175,177,229,229,182,182,98,100,130,130,173,173,110,126,226,226,147,147,175,175,83,85,143,143,131,131,133,147,140,140,125,125,0,0,162,162
MSY25011AR,Y250589,128,128,164,172,213,215,94,94,212,220,134,136,241,247,175,177,229,229,182,182,98,100,130,130,173,173,110,126,226,226,147,147,175,175,83,85,143,143,131,131,133,147,140,140,125,125,0,0,162,162
MSY25011AR,Y250589,128,128,164,172,213,215,94,94,212,220,134,136,241,247,175,177,229,229,182,182,98,100,130,130,173,173,110,126,226,226,147,147,175,175,83,85,143,143,131,131,133,147,140,140,125,125,0,0,162,162
MSY25011AR,Y250589,128,128,164,172,213,215,94,94,212,220,134,136,241,247,175,177,229,229,182,182,98,100,130,130,173,173,110,110,226,226,147,147,175,175,83,85,143,143,131,131,133,147,140,140,125,125,0,0,162,162
Cons,Y250589,128,128,164,172,213,215,94,94,212,220,134,136,241,247,175,177,229,229,182,182,98,100,130,130,173,173,110,126,226,226,147,147,175,175,83,85,143,143,131,131,133,147,140,140,125,125,0,0,162,162
MSY25012AR,Y250595,128,128,164,172,213,215,94,94,212,220,134,136,241,247,175,177,229,229,182,182,98,98,130,130,173,173,110,126,226,226,147,147,175,175,83,85,143,143,131,131,133,147,140,140,125,125,0,0,162,162
MSY25012AR,Y250595,128,128,164,172,213,215,94,94,212,220,134,136,241,247,175,177,229,229,182,182,98,98,130,130,173,173,110,110,226,226,147,147,175,175,83,85,143,143,131,131,133,147,140,140,125,125,0,0,162,162
MSY25012AR,Y250595,128,128,164,172,213,215,94,94,212,220,134,136,241,247,175,177,229,229,182,182,98,98,130,130,173,173,110,126,226,226,147,147,175,175,83,85,143,143,131,131,133,147,140,140,125,125,0,0,162,162
Cons,Y250595,128,128,164,172,213,215,94,94,212,220,134,136,241,247,175,177,229,229,182,182,98,98,130,130,173,173,110,126,226,226,147,147,175,175,83,85,143,143,131,131,133,147,140,140,125,125,0,0,162,162
MSY25012AR,Y250601,128,132,164,164,213,215,94,94,212,216,136,136,247,247,175,177,229,229,182,182,0,0,130,130,173,173,110,114,226,226,141,147,175,175,83,85,143,143,131,133,133,139,140,142,129,129,161,161,158,162
MSY25012AR,Y250601,128,132,164,164,213,215,94,94,212,216,136,136,247,247,175,177,229,229,182,182,0,0,130,130,173,173,114,114,226,226,141,147,175,175,83,85,143,143,131,133,133,139,140,142,129,129,161,161,158,162
MSY25012AR,Y250601,128,132,164,164,213,215,94,94,212,216,136,136,247,247,175,177,229,229,182,182,0,0,130,130,173,173,0,0,226,226,141,147,175,175,83,85,143,143,131,133,133,139,140,142,129,129,161,161,158,162
Cons,Y250601,128,132,164,164,213,215,94,94,212,216,136,136,247,247,175,177,229,229,182,182,0,0,130,130,173,173,110,114,226,226,141,147,175,175,83,85,143,143,131,133,133,139,140,142,129,129,161,161,158,162
MSY25013AR,Y250603,128,128,164,172,213,215,94,94,216,220,134,136,241,247,175,177,229,229,182,182,98,98,124,130,181,181,110,122,222,226,147,147,173,173,83,85,143,143,133,133,133,147,140,140,127,129,161,161,158,162
MSY25013AR,Y250603,128,128,164,172,213,215,94,94,216,220,134,136,241,247,177,177,229,229,182,182,0,0,124,130,181,181,110,122,222,226,147,147,173,173,83,85,143,143,133,133,133,147,140,140,127,129,161,161,158,162
MSY25013AR,Y250603,128,128,164,172,213,213,94,94,216,220,134,136,241,241,175,177,229,229,182,182,0,0,124,130,181,181,0,0,222,222,147,147,173,173,83,85,143,143,133,133,133,147,140,140,127,129,161,161,158,162
Cons,Y250603,128,128,164,172,213,215,94,94,216,220,134,136,241,247,175,177,229,229,182,182,98,98,124,130,181,181,110,122,222,226,147,147,173,173,83,85,143,143,133,133,133,147,140,140,127,129,161,161,158,162
MSY25013AR,Y250605,132,132,164,164,211,213,94,94,212,212,132,134,241,241,175,177,229,229,182,182,0,0,130,130,173,173,114,126,218,226,141,147,175,175,83,85,143,143,131,131,139,139,140,142,125,129,161,161,158,162
MSY25013AR,Y250605,132,132,164,164,213,213,94,94,212,212,132,134,241,241,175,177,229,229,182,182,0,0,130,130,173,173,114,126,218,226,141,147,175,175,83,85,143,143,131,131,139,139,140,142,125,129,161,161,158,162
MSY25013AR,Y250605,132,132,164,164,211,213,94,94,212,212,132,134,241,241,175,177,229,229,182,182,0,0,130,130,173,173,114,126,218,226,141,147,175,175,83,85,143,143,131,131,139,139,140,142,125,129,161,161,158,162
Cons,Y250605,132,132,164,164,211,213,94,94,212,212,132,134,241,241,175,177,229,229,182,182,0,0,130,130,173,173,114,126,218,226,141,147,175,175,83,85,143,143,131,131,139,139,140,142,125,129,161,161,158,162
MSY25013AR,Y250609,128,132,164,168,213,213,94,94,212,212,134,136,241,241,175,177,229,229,182,182,0,0,130,130,173,173,110,110,226,226,147,147,175,175,85,85,143,143,131,133,139,147,140,142,125,129,161,161,158,162
MSY25013AR,Y250609,128,132,164,168,213,213,94,94,212,212,134,136,241,241,175,177,229,229,182,182,0,0,130,130,173,173,110,110,226,226,147,147,175,175,85,85,143,143,131,133,139,147,140,142,125,129,161,161,158,162
MSY25013AR,Y250609,128,132,164,168,213,213,94,94,212,212,134,136,241,241,175,177,229,229,182,182,0,0,130,130,173,173,110,110,226,226,147,147,175,175,85,85,143,143,131,133,139,147,140,142,125,129,161,161,158,162
Cons,Y250609,128,132,164,168,213,213,94,94,212,212,134,136,241,241,175,177,229,229,182,182,0,0,130,130,173,173,110,110,226,226,147,147,175,175,85,85,143,143,131,133,139,147,140,142,125,129,161,161,158,162
MSY25009AR,Y250583,128,128,164,164,0,0,94,94,0,0,134,136,0,0,0,0,0,0,0,0,98,100,130,130,0,0,0,0,0,0,147,147,175,175,85,85,143,143,131,131,133,133,140,140,125,125,0,0,162,162
MSY25009AR,Y250583,128,128,0,0,0,0,94,94,0,0,134,136,0,0,0,0,0,0,182,182,98,98,130,130,0,0,0,0,0,0,147,147,175,175,83,85,143,143,131,131,133,147,140,140,125,125,0,0,162,162
MSY25009AR,Y250583,128,128,172,172,0,0,94,94,220,220,134,136,0,0,0,0,0,0,182,182,98,100,130,130,0,0,0,0,0,0,147,147,175,175,83,85,143,143,131,131,133,147,140,140,125,125,0,0,162,162
Cons,Y250583,128,128,164,172,0,0,94,94,220,220,134,136,0,0,0,0,0,0,182,182,98,100,130,130,0,0,0,0,0,0,147,147,175,175,83,85,143,143,131,131,133,147,140,140,125,125,0,0,162,162
MSY25011AR,Y250590,128,128,0,0,0,0,94,94,220,220,0,0,0,0,0,0,0,0,182,182,98,98,130,130,0,0,0,0,0,0,147,147,175,175,83,83,143,143,131,131,133,147,140,140,0,0,0,0,162,162
MSY25011AR,Y250590,128,128,0,0,0,0,94,94,0,0,134,136,0,0,0,0,0,0,0,0,98,98,130,130,0,0,0,0,0,0,147,147,175,175,85,85,0,0,131,131,147,147,0,0,125,125,0,0,162,162
MSY25011AR,Y250590,128,128,0,0,0,0,94,94,0,0,132,134,0,0,0,0,0,0,0,0,98,98,130,130,0,0,0,0,226,226,147,147,175,175,83,85,143,143,0,0,133,147,140,140,125,125,0,0,162,162
Cons,Y250590,128,128,0,0,0,0,94,94,220,220,132,134,0,0,0,0,0,0,182,182,98,98,130,130,0,0,0,0,226,226,147,147,175,175,83,85,143,143,131,131,133,147,140,140,125,125,0,0,162,162
MSY25011AR,Y250591,128,128,0,0,0,0,0,0,0,0,0,0,0,0,0,0,0,0,0,0,98,98,0,0,0,0,0,0,0,0,0,0,0,0,85,85,0,0,0,0,0,0,0,0,0,0,0,0,0,0
MSY25011AR,Y250591,0,0,0,0,0,0,0,0,0,0,134,134,0,0,0,0,0,0,0,0,0,0,0,0,0,0,0,0,0,0,0,0,0,0,85,85,0,0,131,131,0,0,0,0,0,0,0,0,0,0
MSY25011AR,Y250591,0,0,0,0,0,0,94,94,0,0,0,0,0,0,0,0,0,0,0,0,0,0,0,0,0,0,0,0,0,0,0,0,0,0,83,83,143,143,131,131,0,0,0,0,125,125,0,0,0,0
Cons,Y250591,128,128,0,0,0,0,94,94,0,0,134,134,0,0,0,0,0,0,0,0,98,98,0,0,0,0,0,0,0,0,0,0,0,0,83,85,143,143,131,131,0,0,0,0,125,125,0,0,0,0
MSY25011AR,Y250592,128,128,0,0,0,0,94,94,0,0,134,136,0,0,0,0,0,0,182,182,98,98,130,130,173,173,0,0,0,0,147,147,175,175,83,85,143,143,131,131,133,147,140,140,125,125,0,0,162,162
MSY25011AR,Y250592,128,128,164,172,0,0,94,94,0,0,134,136,0,0,175,175,0,0,182,182,98,98,130,130,0,0,0,0,0,0,147,147,175,175,83,85,143,143,131,131,133,147,140,140,125,125,0,0,162,162
MSY25011AR,Y250592,128,128,164,172,0,0,94,94,212,220,134,136,0,0,175,175,0,0,182,182,98,98,130,130,0,0,0,0,0,0,147,147,175,175,83,85,143,143,131,131,133,147,140,140,125,125,0,0,162,162
Cons,Y250592,128,128,164,172,0,0,94,94,212,220,134,136,0,0,175,175,0,0,182,182,98,98,130,130,173,173,0,0,0,0,147,147,175,175,83,85,143,143,131,131,133,147,140,140,125,125,0,0,162,162
MSY25012AR,Y250593,128,128,164,164,0,0,94,94,0,0,134,136,0,0,0,0,0,0,0,0,98,98,0,0,0,0,0,0,0,0,0,0,175,175,83,85,143,143,131,131,147,147,140,140,125,125,0,0,162,162
MSY25012AR,Y250593,128,128,0,0,0,0,94,94,0,0,134,136,0,0,0,0,0,0,0,0,98,98,0,0,0,0,110,110,0,0,147,147,0,0,83,85,143,143,131,131,133,147,140,140,125,125,0,0,162,162
MSY25012AR,Y250593,128,128,0,0,0,0,94,94,0,0,134,136,0,0,0,0,0,0,0,0,98,98,130,130,0,0,110,110,0,0,0,0,175,175,83,85,0,0,131,131,133,147,140,140,125,125,0,0,162,162
Cons,Y250593,128,128,164,164,0,0,94,94,0,0,134,136,0,0,0,0,0,0,0,0,98,98,130,130,0,0,110,110,0,0,147,147,175,175,83,85,143,143,131,131,133,147,140,140,125,125,0,0,162,162
MSY25012AR,Y250594,0,0,0,0,0,0,0,0,0,0,0,0,0,0,0,0,0,0,0,0,0,0,0,0,0,0,0,0,0,0,0,0,0,0,0,0,0,0,0,0,0,0,0,0,0,0,0,0,0,0
MSY25012AR,Y250594,0,0,0,0,0,0,0,0,0,0,0,0,0,0,0,0,0,0,0,0,0,0,0,0,0,0,0,0,0,0,0,0,0,0,0,0,0,0,0,0,0,0,0,0,0,0,0,0,0,0
MSY25012AR,Y250594,0,0,0,0,0,0,0,0,0,0,0,0,0,0,0,0,0,0,0,0,0,0,0,0,0,0,0,0,0,0,0,0,0,0,0,0,0,0,0,0,0,0,0,0,0,0,0,0,0,0
Cons,Y250594,0,0,0,0,0,0,0,0,0,0,0,0,0,0,0,0,0,0,0,0,0,0,0,0,0,0,0,0,0,0,0,0,0,0,0,0,0,0,0,0,0,0,0,0,0,0,0,0,0,0
MSY25012AR,Y250596,0,0,0,0,0,0,94,94,0,0,0,0,0,0,0,0,0,0,182,182,98,98,130,130,0,0,0,0,0,0,0,0,175,175,0,0,0,0,131,131,0,0,140,140,125,125,0,0,0,0
MSY25012AR,Y250596,128,128,0,0,0,0,0,0,0,0,0,0,0,0,177,177,0,0,0,0,98,98,130,130,0,0,126,126,0,0,0,0,0,0,85,85,0,0,0,0,133,133,140,140,125,125,0,0,0,0
MSY25012AR,Y250596,128,128,0,0,0,0,0,0,0,0,0,0,0,0,177,177,229,229,182,182,98,98,130,130,0,0,0,0,0,0,147,147,0,0,83,85,139,143,131,131,0,0,140,140,125,125,0,0,162,162
Cons,Y250596,128,128,0,0,0,0,94,94,0,0,0,0,0,0,177,177,229,229,182,182,98,98,130,130,0,0,126,126,0,0,147,147,175,175,83,85,139,143,131,131,133,133,140,140,125,125,0,0,162,162
MSY25012AR,Y250598,0,0,164,164,0,0,0,0,0,0,0,0,0,0,0,0,0,0,0,0,0,0,0,0,0,0,0,0,0,0,141,141,0,0,85,85,0,0,133,133,0,0,142,142,0,0,161,161,162,162
MSY25012AR,Y250598,132,132,0,0,0,0,0,0,0,0,132,132,241,241,0,0,0,0,182,182,0,0,0,0,0,0,0,0,0,0,147,147,0,0,85,85,143,143,133,133,0,0,0,0,0,0,161,161,0,0
MSY25012AR,Y250598,0,0,0,0,0,0,102,102,0,0,0,0,0,0,177,177,0,0,182,182,0,0,0,0,0,0,0,0,0,0,0,0,0,0,0,0,143,143,0,0,0,0,140,142,0,0,0,0,0,0
Cons,Y250598,132,132,164,164,0,0,102,102,0,0,132,132,241,241,177,177,0,0,182,182,0,0,0,0,0,0,0,0,0,0,141,147,0,0,85,85,143,143,133,133,0,0,140,142,0,0,161,161,162,162
MSY25012AR,Y250600,126,132,164,164,215,215,94,94,216,216,132,136,245,245,0,0,0,0,182,182,0,0,130,130,173,173,0,0,0,0,141,147,175,175,83,85,143,143,131,131,139,139,0,0,0,0,161,161,0,0
MSY25012AR,Y250600,0,0,0,0,0,0,0,0,0,0,0,0,0,0,0,0,0,0,0,0,0,0,0,0,0,0,0,0,0,0,0,0,0,0,0,0,0,0,0,0,0,0,0,0,0,0,0,0,0,0
MSY25012AR,Y250600,0,0,164,164,0,0,94,94,212,212,136,136,247,247,177,177,0,0,182,182,0,0,0,0,173,173,0,0,226,226,0,0,175,175,83,85,143,143,131,131,139,139,140,140,129,129,161,161,162,162
Cons,Y250600,126,132,164,164,215,215,94,94,212,216,132,136,245,247,177,177,0,0,182,182,0,0,130,130,173,173,0,0,226,226,141,147,175,175,83,85,143,143,131,131,139,139,140,140,129,129,161,161,162,162
MSY25012AR,Y250602,0,0,0,0,0,0,0,0,0,0,0,0,0,0,0,0,0,0,0,0,0,0,0,0,0,0,0,0,0,0,0,0,0,0,0,0,0,0,0,0,0,0,0,0,0,0,0,0,0,0
MSY25012AR,Y250602,0,0,0,0,0,0,0,0,0,0,0,0,0,0,0,0,0,0,0,0,0,0,0,0,0,0,0,0,0,0,0,0,0,0,0,0,0,0,0,0,0,0,0,0,0,0,0,0,0,0
MSY25012AR,Y250602,0,0,0,0,0,0,0,0,0,0,0,0,0,0,0,0,0,0,0,0,0,0,0,0,0,0,0,0,0,0,0,0,0,0,0,0,0,0,0,0,0,0,0,0,0,0,0,0,0,0
Cons,Y250602,0,0,0,0,0,0,0,0,0,0,0,0,0,0,0,0,0,0,0,0,0,0,0,0,0,0,0,0,0,0,0,0,0,0,0,0,0,0,0,0,0,0,0,0,0,0,0,0,0,0
MSY25013AR,Y250604,132,132,164,164,0,0,94,94,212,216,132,134,0,0,0,0,0,0,182,182,0,0,130,130,0,0,0,0,226,226,145,145,175,175,83,83,143,143,0,0,0,0,0,0,0,0,0,0,158,162
MSY25013AR,Y250604,132,132,0,0,0,0,0,0,0,0,132,134,0,0,0,0,0,0,0,0,0,0,0,0,0,0,0,0,0,0,145,145,0,0,85,85,0,0,131,131,139,139,0,0,0,0,0,0,0,0
MSY25013AR,Y250604,132,132,164,164,0,0,94,94,0,0,128,128,0,0,0,0,229,229,0,0,0,0,130,130,173,173,0,0,0,0,145,145,0,0,83,83,0,0,131,131,139,139,142,142,129,129,0,0,158,158
Cons,Y250604,132,132,164,164,0,0,94,94,212,216,128,132,0,0,0,0,229,229,182,182,0,0,130,130,173,173,0,0,226,226,145,145,175,175,83,85,143,143,131,131,139,139,142,142,129,129,0,0,158,162
MSY25013AR,Y250606,0,0,0,0,0,0,0,0,0,0,0,0,0,0,0,0,0,0,0,0,0,0,0,0,0,0,0,0,0,0,0,0,0,0,0,0,0,0,0,0,0,0,0,0,0,0,0,0,0,0
MSY25013AR,Y250606,0,0,0,0,0,0,0,0,0,0,0,0,0,0,0,0,0,0,0,0,0,0,0,0,0,0,0,0,0,0,0,0,0,0,0,0,0,0,0,0,0,0,0,0,0,0,0,0,162,162
MSY25013AR,Y250606,0,0,0,0,0,0,0,0,0,0,0,0,0,0,0,0,0,0,0,0,0,0,0,0,0,0,0,0,0,0,0,0,0,0,0,0,0,0,0,0,0,0,0,0,0,0,0,0,0,0
Cons,Y250606,0,0,0,0,0,0,0,0,0,0,0,0,0,0,0,0,0,0,0,0,0,0,0,0,0,0,0,0,0,0,0,0,0,0,0,0,0,0,0,0,0,0,0,0,0,0,0,0,162,162
MSY25013AR,Y250607,128,128,0,0,0,0,0,0,0,0,136,136,0,0,0,0,0,0,182,182,0,0,130,130,0,0,0,0,0,0,141,141,175,175,85,85,143,143,0,0,0,0,0,0,0,0,161,161,0,0
MSY25013AR,Y250607,0,0,0,0,0,0,0,0,0,0,0,0,0,0,175,175,229,229,0,0,0,0,0,0,0,0,0,0,226,226,141,141,175,175,85,85,143,143,133,133,0,0,0,0,129,129,0,0,0,0
MSY25013AR,Y250607,132,132,0,0,0,0,94,94,0,0,0,0,0,0,0,0,0,0,0,0,0,0,130,130,0,0,0,0,0,0,0,0,0,0,83,83,143,143,133,133,0,0,0,0,129,129,161,161,0,0
Cons,Y250607,128,132,0,0,0,0,94,94,0,0,136,136,0,0,175,175,229,229,182,182,0,0,130,130,0,0,0,0,226,226,141,141,175,175,83,85,143,143,133,133,0,0,0,0,129,129,161,161,0,0
MSY25013AR,Y250608,0,0,0,0,0,0,0,0,0,0,0,0,0,0,0,0,0,0,0,0,0,0,130,130,0,0,0,0,0,0,0,0,0,0,0,0,0,0,0,0,0,0,0,0,0,0,0,0,0,0
MSY25013AR,Y250608,0,0,0,0,0,0,0,0,0,0,0,0,0,0,0,0,0,0,0,0,0,0,0,0,0,0,0,0,0,0,0,0,0,0,0,0,141,141,0,0,0,0,0,0,0,0,0,0,0,0
MSY25013AR,Y250608,0,0,0,0,0,0,0,0,0,0,0,0,0,0,0,0,0,0,0,0,0,0,0,0,0,0,0,0,0,0,0,0,0,0,0,0,0,0,0,0,0,0,0,0,0,0,0,0,0,0
Cons,Y250608,0,0,0,0,0,0,0,0,0,0,0,0,0,0,0,0,0,0,0,0,0,0,130,130,0,0,0,0,0,0,0,0,0,0,0,0,141,141,0,0,0,0,0,0,0,0,0,0,0,0
MSY25013AR,Y250610,0,0,0,0,0,0,0,0,0,0,0,0,0,0,0,0,0,0,0,0,0,0,0,0,0,0,0,0,0,0,0,0,0,0,0,0,0,0,0,0,0,0,0,0,0,0,0,0,0,0
MSY25013AR,Y250610,0,0,0,0,0,0,0,0,0,0,0,0,0,0,0,0,0,0,0,0,0,0,0,0,0,0,0,0,0,0,0,0,0,0,0,0,0,0,0,0,0,0,0,0,0,0,0,0,0,0
MSY25013AR,Y250610,0,0,0,0,0,0,0,0,0,0,0,0,0,0,0,0,0,0,0,0,0,0,0,0,0,0,0,0,0,0,0,0,0,0,0,0,0,0,0,0,0,0,0,0,0,0,0,0,0,0
Cons,Y250610,0,0,0,0,0,0,0,0,0,0,0,0,0,0,0,0,0,0,0,0,0,0,0,0,0,0,0,0,0,0,0,0,0,0,0,0,0,0,0,0,0,0,0,0,0,0,0,0,0,0
