Date,MS,PP,Espece,MSPP,attractif1,attractif2,attractif3,ecart_attractif
10/11/2024,3,1,Lynx,31,06/11/2024,05/03/2025,22/04/2025,4
10/11/2024,3,2,Lynx,32,06/11/2024,05/03/2025,13/05/2025,4
10/11/2024,11,1,Lynx,111,06/11/2024,05/03/2025,22/04/2025,4
10/11/2024,11,2,Lynx,112,06/11/2024,05/03/2025,13/05/2025,4
12/11/2024,10,1,Chat,101,06/11/2024,05/03/2025,22/04/2025,6
12/11/2024,10,2,Chat,102,06/11/2024,05/03/2025,22/04/2025,6
13/11/2024,12,1,Chevreuil,121,06/11/2024,05/03/2025,22/04/2025,7
13/11/2024,12,2,Chevreuil,122,06/11/2024,05/03/2025,13/05/2025,7
13/11/2024,23,1,Chevreuil,231,07/11/2024,07/03/2025,23/04/2025,6
13/11/2024,23,2,Chevreuil,232,07/11/2024,07/03/2025,14/05/2025,6
15/11/2024,23,1,Sanglier,231,07/11/2024,07/03/2025,23/04/2025,8
15/11/2024,23,2,Sanglier,232,07/11/2024,07/03/2025,14/05/2025,8
16/11/2024,11,1,Chevreuil,111,06/11/2024,05/03/2025,22/04/2025,10
16/11/2024,11,2,Chevreuil,112,06/11/2024,05/03/2025,13/05/2025,10
19/11/2024,10,1,Lynx,101,06/11/2024,05/03/2025,22/04/2025,13
19/11/2024,10,2,Lynx,102,06/11/2024,05/03/2025,22/04/2025,13
22/11/2024,7,1,Lynx,71,06/11/2024,05/03/2025,22/04/2025,16
22/11/2024,7,2,Lynx,72,06/11/2024,05/03/2025,22/04/2025,16
22/11/2024,9,1,Lynx,91,06/11/2024,05/03/2025,22/04/2025,16
22/11/2024,9,2,Lynx,92,06/11/2024,05/03/2025,13/05/2025,16
30/11/2024,7,1,Lynx,71,06/11/2024,05/03/2025,22/04/2025,24
30/11/2024,7,2,Lynx,72,06/11/2024,05/03/2025,22/04/2025,24
30/11/2024,8,1,Lynx,81,06/11/2024,05/03/2025,22/04/2025,24
30/11/2024,8,2,Lynx,82,06/11/2024,05/03/2025,13/05/2025,24
30/11/2024,9,1,Chevreuil,91,06/11/2024,05/03/2025,22/04/2025,24
30/11/2024,9,1,Lynx,91,06/11/2024,05/03/2025,22/04/2025,24
30/11/2024,9,2,Chevreuil,92,06/11/2024,05/03/2025,13/05/2025,24
30/11/2024,9,2,Lynx,92,06/11/2024,05/03/2025,13/05/2025,24
30/11/2024,12,1,Chien,121,06/11/2024,05/03/2025,22/04/2025,24
30/11/2024,12,2,Chien,122,06/11/2024,05/03/2025,13/05/2025,24
03/12/2024,5,1,Lynx,51,06/11/2024,05/03/2025,22/04/2025,27
03/12/2024,5,2,Lynx,52,06/11/2024,05/03/2025,13/05/2025,27
03/12/2024,11,1,Chevreuil,111,06/11/2024,05/03/2025,22/04/2025,27
03/12/2024,11,2,Chevreuil,112,06/11/2024,05/03/2025,13/05/2025,27
04/12/2024,4,1,Sanglier,41,06/11/2024,05/03/2025,22/04/2025,28
04/12/2024,4,2,Sanglier,42,06/11/2024,05/03/2025,22/04/2025,28
04/12/2024,11,1,Sanglier,111,06/11/2024,05/03/2025,22/04/2025,28
04/12/2024,11,2,Sanglier,112,06/11/2024,05/03/2025,13/05/2025,28
04/12/2024,14,1,Lynx,141,07/11/2024,07/03/2025,23/04/2025,27
04/12/2024,14,2,Lynx,142,07/11/2024,07/03/2025,14/05/2025,27
04/12/2024,17,1,Sanglier,171,07/11/2024,07/03/2025,23/04/2025,27
04/12/2024,17,2,Sanglier,172,07/11/2024,07/03/2025,14/05/2025,27
05/12/2024,11,1,Chevreuil,111,06/11/2024,05/03/2025,22/04/2025,29
05/12/2024,11,2,Chevreuil,112,06/11/2024,05/03/2025,13/05/2025,29
06/12/2024,11,1,Lynx,111,06/11/2024,05/03/2025,22/04/2025,30
06/12/2024,11,2,Lynx,112,06/11/2024,05/03/2025,13/05/2025,30
08/12/2024,19,1,Blaireau,191,07/11/2024,07/03/2025,23/04/2025,31
08/12/2024,19,2,Blaireau,192,07/11/2024,07/03/2025,23/04/2025,31
09/12/2024,7,1,Lynx,71,06/11/2024,05/03/2025,22/04/2025,33
09/12/2024,7,2,Lynx,72,06/11/2024,05/03/2025,22/04/2025,33
09/12/2024,8,1,Lynx,81,06/11/2024,05/03/2025,22/04/2025,33
09/12/2024,8,2,Lynx,82,06/11/2024,05/03/2025,13/05/2025,33
09/12/2024,9,1,Lynx,91,06/11/2024,05/03/2025,22/04/2025,33
09/12/2024,9,1,Sanglier,91,06/11/2024,05/03/2025,22/04/2025,33
09/12/2024,9,2,Lynx,92,06/11/2024,05/03/2025,13/05/2025,33
09/12/2024,9,2,Sanglier,92,06/11/2024,05/03/2025,13/05/2025,33
09/12/2024,13,1,Lynx,131,07/11/2024,07/03/2025,23/04/2025,32
09/12/2024,13,2,Lynx,132,07/11/2024,07/03/2025,23/04/2025,32
09/12/2024,14,1,Lynx,141,07/11/2024,07/03/2025,23/04/2025,32
09/12/2024,14,2,Lynx,142,07/11/2024,07/03/2025,14/05/2025,32
12/12/2024,16,1,Lynx,161,07/11/2024,07/03/2025,23/04/2025,35
12/12/2024,16,2,Lynx,162,07/11/2024,07/03/2025,23/04/2025,35
12/12/2024,18,1,Lynx,181,07/11/2024,07/03/2025,23/04/2025,35
12/12/2024,18,2,Lynx,182,07/11/2024,07/03/2025,14/05/2025,35
12/12/2024,19,1,Lynx,191,07/11/2024,07/03/2025,23/04/2025,35
12/12/2024,19,2,Lynx,192,07/11/2024,07/03/2025,23/04/2025,35
12/12/2024,20,1,Lynx,201,07/11/2024,07/03/2025,23/04/2025,35
12/12/2024,20,2,Lynx,202,07/11/2024,07/03/2025,14/05/2025,35
13/12/2024,11,1,Sanglier,111,06/11/2024,05/03/2025,22/04/2025,37
13/12/2024,11,2,Sanglier,112,06/11/2024,05/03/2025,13/05/2025,37
14/12/2024,13,1,Lynx,131,07/11/2024,07/03/2025,23/04/2025,37
14/12/2024,13,1,Lynx,131,07/11/2024,07/03/2025,23/04/2025,37
14/12/2024,13,1,Lynx,131,07/11/2024,07/03/2025,23/04/2025,37
14/12/2024,13,2,Lynx,132,07/11/2024,07/03/2025,23/04/2025,37
14/12/2024,13,2,Lynx,132,07/11/2024,07/03/2025,23/04/2025,37
14/12/2024,13,2,Lynx,132,07/11/2024,07/03/2025,23/04/2025,37
15/12/2024,10,1,Lynx,101,06/11/2024,05/03/2025,22/04/2025,39
15/12/2024,10,2,Lynx,102,06/11/2024,05/03/2025,22/04/2025,39
15/12/2024,11,1,Lynx,111,06/11/2024,05/03/2025,22/04/2025,39
15/12/2024,11,2,Lynx,112,06/11/2024,05/03/2025,13/05/2025,39
16/12/2024,2,1,Chevreuil,21,06/11/2024,05/03/2025,22/04/2025,40
16/12/2024,2,2,Chevreuil,22,06/11/2024,05/03/2025,13/05/2025,40
18/12/2024,8,1,Lynx,81,06/11/2024,05/03/2025,22/04/2025,42
18/12/2024,8,2,Lynx,82,06/11/2024,05/03/2025,13/05/2025,42
20/12/2024,22,1,Lynx,221,07/11/2024,07/03/2025,23/04/2025,43
20/12/2024,22,1,Lynx,221,07/11/2024,07/03/2025,23/04/2025,43
20/12/2024,22,2,Lynx,222,07/11/2024,07/03/2025,23/04/2025,43
20/12/2024,22,2,Lynx,222,07/11/2024,07/03/2025,23/04/2025,43
22/12/2024,8,1,Sanglier,81,06/11/2024,05/03/2025,22/04/2025,46
22/12/2024,8,2,Sanglier,82,06/11/2024,05/03/2025,13/05/2025,46
22/12/2024,10,1,Lynx,101,06/11/2024,05/03/2025,22/04/2025,46
22/12/2024,10,2,Lynx,102,06/11/2024,05/03/2025,22/04/2025,46
23/12/2024,24,1,Cerf,241,07/11/2024,07/03/2025,23/04/2025,46
23/12/2024,24,2,Cerf,242,07/11/2024,07/03/2025,14/05/2025,46
25/12/2024,4,1,Blaireau,41,06/11/2024,05/03/2025,22/04/2025,49
25/12/2024,4,2,Blaireau,42,06/11/2024,05/03/2025,22/04/2025,49
26/12/2024,23,1,Cerf,231,07/11/2024,07/03/2025,23/04/2025,49
26/12/2024,23,2,Cerf,232,07/11/2024,07/03/2025,14/05/2025,49
28/12/2024,8,1,Blaireau,81,06/11/2024,05/03/2025,22/04/2025,52
28/12/2024,8,2,Blaireau,82,06/11/2024,05/03/2025,13/05/2025,52
28/12/2024,11,1,Lynx,111,06/11/2024,05/03/2025,22/04/2025,52
28/12/2024,11,2,Lynx,112,06/11/2024,05/03/2025,13/05/2025,52
28/12/2024,18,1,Fouine,181,07/11/2024,07/03/2025,23/04/2025,51
28/12/2024,18,2,Fouine,182,07/11/2024,07/03/2025,14/05/2025,51
30/12/2024,11,1,Renard,111,06/11/2024,05/03/2025,22/04/2025,54
30/12/2024,11,2,Renard,112,06/11/2024,05/03/2025,13/05/2025,54
31/12/2024,18,1,Lynx,181,07/11/2024,07/03/2025,23/04/2025,54
31/12/2024,18,1,Lynx,181,07/11/2024,07/03/2025,23/04/2025,54
31/12/2024,18,1,Lynx,181,07/11/2024,07/03/2025,23/04/2025,54
31/12/2024,18,1,Lynx,181,07/11/2024,07/03/2025,23/04/2025,54
31/12/2024,18,2,Lynx,182,07/11/2024,07/03/2025,14/05/2025,54
31/12/2024,18,2,Lynx,182,07/11/2024,07/03/2025,14/05/2025,54
31/12/2024,18,2,Lynx,182,07/11/2024,07/03/2025,14/05/2025,54
31/12/2024,18,2,Lynx,182,07/11/2024,07/03/2025,14/05/2025,54
03/01/2025,15,1,Lynx,151,07/11/2024,07/03/2025,23/04/2025,57
03/01/2025,15,2,Lynx,152,07/11/2024,07/03/2025,14/05/2025,57
04/01/2025,4,1,Lynx,41,06/11/2024,05/03/2025,22/04/2025,59
04/01/2025,4,2,Lynx,42,06/11/2024,05/03/2025,22/04/2025,59
04/01/2025,8,1,Lynx,81,06/11/2024,05/03/2025,22/04/2025,59
04/01/2025,8,2,Lynx,82,06/11/2024,05/03/2025,13/05/2025,59
04/01/2025,10,1,Lynx,101,06/11/2024,05/03/2025,22/04/2025,59
04/01/2025,10,2,Lynx,102,06/11/2024,05/03/2025,22/04/2025,59
06/01/2025,20,1,Chamois,201,07/11/2024,07/03/2025,23/04/2025,60
06/01/2025,20,2,Chamois,202,07/11/2024,07/03/2025,14/05/2025,60
07/01/2025,4,1,Lynx,41,06/11/2024,05/03/2025,22/04/2025,62
07/01/2025,4,2,Lynx,42,06/11/2024,05/03/2025,22/04/2025,62
07/01/2025,7,1,Lynx,71,06/11/2024,05/03/2025,22/04/2025,62
07/01/2025,7,2,Lynx,72,06/11/2024,05/03/2025,22/04/2025,62
07/01/2025,8,1,Lynx,81,06/11/2024,05/03/2025,22/04/2025,62
07/01/2025,8,2,Lynx,82,06/11/2024,05/03/2025,13/05/2025,62
07/01/2025,10,1,Lynx,101,06/11/2024,05/03/2025,22/04/2025,62
07/01/2025,10,2,Lynx,102,06/11/2024,05/03/2025,22/04/2025,62
07/01/2025,13,1,Lynx,131,07/11/2024,07/03/2025,23/04/2025,61
07/01/2025,13,2,Lynx,132,07/11/2024,07/03/2025,23/04/2025,61
11/01/2025,3,1,Blaireau,31,06/11/2024,05/03/2025,22/04/2025,66
11/01/2025,3,2,Blaireau,32,06/11/2024,05/03/2025,13/05/2025,66
12/01/2025,11,1,Sanglier,111,06/11/2024,05/03/2025,22/04/2025,67
12/01/2025,11,2,Sanglier,112,06/11/2024,05/03/2025,13/05/2025,67
13/01/2025,13,1,Lynx,131,07/11/2024,07/03/2025,23/04/2025,67
13/01/2025,13,2,Lynx,132,07/11/2024,07/03/2025,23/04/2025,67
14/01/2025,16,1,Lynx,161,07/11/2024,07/03/2025,23/04/2025,68
14/01/2025,16,1,Lynx,161,07/11/2024,07/03/2025,23/04/2025,68
14/01/2025,16,2,Lynx,162,07/11/2024,07/03/2025,23/04/2025,68
14/01/2025,16,2,Lynx,162,07/11/2024,07/03/2025,23/04/2025,68
14/01/2025,20,1,Lynx,201,07/11/2024,07/03/2025,23/04/2025,68
14/01/2025,20,2,Lynx,202,07/11/2024,07/03/2025,14/05/2025,68
18/01/2025,3,1,Blaireau,31,06/11/2024,05/03/2025,22/04/2025,73
18/01/2025,3,2,Blaireau,32,06/11/2024,05/03/2025,13/05/2025,73
18/01/2025,19,1,Lynx,191,07/11/2024,07/03/2025,23/04/2025,72
18/01/2025,19,1,Lynx,191,07/11/2024,07/03/2025,23/04/2025,72
18/01/2025,19,2,Lynx,192,07/11/2024,07/03/2025,23/04/2025,72
18/01/2025,19,2,Lynx,192,07/11/2024,07/03/2025,23/04/2025,72
19/01/2025,10,1,Lynx,101,06/11/2024,05/03/2025,22/04/2025,74
19/01/2025,10,1,Lynx,101,06/11/2024,05/03/2025,22/04/2025,74
19/01/2025,10,1,Lynx,101,06/11/2024,05/03/2025,22/04/2025,74
19/01/2025,10,2,Lynx,102,06/11/2024,05/03/2025,22/04/2025,74
19/01/2025,10,2,Lynx,102,06/11/2024,05/03/2025,22/04/2025,74
19/01/2025,10,2,Lynx,102,06/11/2024,05/03/2025,22/04/2025,74
19/01/2025,11,1,Lynx,111,06/11/2024,05/03/2025,22/04/2025,74
19/01/2025,11,2,Lynx,112,06/11/2024,05/03/2025,13/05/2025,74
19/01/2025,12,1,Lynx,121,06/11/2024,05/03/2025,22/04/2025,74
19/01/2025,12,2,Lynx,122,06/11/2024,05/03/2025,13/05/2025,74
20/01/2025,11,1,Sanglier,111,06/11/2024,05/03/2025,22/04/2025,75
20/01/2025,11,2,Sanglier,112,06/11/2024,05/03/2025,13/05/2025,75
20/01/2025,13,1,Blaireau,131,07/11/2024,07/03/2025,23/04/2025,74
20/01/2025,13,2,Blaireau,132,07/11/2024,07/03/2025,23/04/2025,74
21/01/2025,8,1,Lynx,81,06/11/2024,05/03/2025,22/04/2025,76
21/01/2025,8,1,Blaireau,81,06/11/2024,05/03/2025,22/04/2025,76
21/01/2025,8,2,Lynx,82,06/11/2024,05/03/2025,13/05/2025,76
21/01/2025,8,2,Blaireau,82,06/11/2024,05/03/2025,13/05/2025,76
21/01/2025,9,1,Lynx,91,06/11/2024,05/03/2025,22/04/2025,76
21/01/2025,9,2,Lynx,92,06/11/2024,05/03/2025,13/05/2025,76
21/01/2025,13,1,Blaireau,131,07/11/2024,07/03/2025,23/04/2025,75
21/01/2025,13,2,Blaireau,132,07/11/2024,07/03/2025,23/04/2025,75
23/01/2025,8,1,Blaireau,81,06/11/2024,05/03/2025,22/04/2025,78
23/01/2025,8,2,Blaireau,82,06/11/2024,05/03/2025,13/05/2025,78
23/01/2025,10,1,Lynx,101,06/11/2024,05/03/2025,22/04/2025,78
23/01/2025,10,2,Lynx,102,06/11/2024,05/03/2025,22/04/2025,78
23/01/2025,11,1,Lynx,111,06/11/2024,05/03/2025,22/04/2025,78
23/01/2025,11,2,Lynx,112,06/11/2024,05/03/2025,13/05/2025,78
25/01/2025,11,1,Blaireau,111,06/11/2024,05/03/2025,22/04/2025,80
25/01/2025,11,2,Blaireau,112,06/11/2024,05/03/2025,13/05/2025,80
26/01/2025,13,1,Lynx,131,07/11/2024,07/03/2025,23/04/2025,80
26/01/2025,13,2,Lynx,132,07/11/2024,07/03/2025,23/04/2025,80
26/01/2025,17,1,Lynx,171,07/11/2024,07/03/2025,23/04/2025,80
26/01/2025,17,2,Lynx,172,07/11/2024,07/03/2025,14/05/2025,80
27/01/2025,4,1,Lynx,41,06/11/2024,05/03/2025,22/04/2025,82
27/01/2025,4,2,Lynx,42,06/11/2024,05/03/2025,22/04/2025,82
27/01/2025,8,1,Chevreuil,81,06/11/2024,05/03/2025,22/04/2025,82
27/01/2025,8,2,Chevreuil,82,06/11/2024,05/03/2025,13/05/2025,82
27/01/2025,13,1,Blaireau,131,07/11/2024,07/03/2025,23/04/2025,81
27/01/2025,13,2,Blaireau,132,07/11/2024,07/03/2025,23/04/2025,81
28/01/2025,1,1,Lynx,11,06/11/2024,05/03/2025,22/04/2025,83
28/01/2025,1,2,Lynx,12,06/11/2024,05/03/2025,22/04/2025,83
29/01/2025,1,1,Loup,11,06/11/2024,05/03/2025,22/04/2025,84
29/01/2025,1,2,Loup,12,06/11/2024,05/03/2025,22/04/2025,84
30/01/2025,8,1,Sanglier,81,06/11/2024,05/03/2025,22/04/2025,85
30/01/2025,8,2,Sanglier,82,06/11/2024,05/03/2025,13/05/2025,85
30/01/2025,11,1,Chevreuil,111,06/11/2024,05/03/2025,22/04/2025,85
30/01/2025,11,1,Blaireau,111,06/11/2024,05/03/2025,22/04/2025,85
30/01/2025,11,2,Chevreuil,112,06/11/2024,05/03/2025,13/05/2025,85
30/01/2025,11,2,Blaireau,112,06/11/2024,05/03/2025,13/05/2025,85
31/01/2025,14,1,Blaireau,141,07/11/2024,07/03/2025,23/04/2025,85
31/01/2025,14,2,Blaireau,142,07/11/2024,07/03/2025,14/05/2025,85
01/02/2025,1,1,Blaireau,11,06/11/2024,05/03/2025,22/04/2025,87
01/02/2025,1,2,Blaireau,12,06/11/2024,05/03/2025,22/04/2025,87
01/02/2025,11,1,Blaireau,111,06/11/2024,05/03/2025,22/04/2025,87
01/02/2025,11,2,Blaireau,112,06/11/2024,05/03/2025,13/05/2025,87
01/02/2025,13,1,Blaireau,131,07/11/2024,07/03/2025,23/04/2025,86
01/02/2025,13,2,Blaireau,132,07/11/2024,07/03/2025,23/04/2025,86
03/02/2025,5,1,Chat,51,06/11/2024,05/03/2025,22/04/2025,89
03/02/2025,5,2,Chat,52,06/11/2024,05/03/2025,13/05/2025,89
03/02/2025,8,1,Lynx,81,06/11/2024,05/03/2025,22/04/2025,89
03/02/2025,8,2,Lynx,82,06/11/2024,05/03/2025,13/05/2025,89
03/02/2025,11,1,Lynx,111,06/11/2024,05/03/2025,22/04/2025,89
03/02/2025,11,2,Lynx,112,06/11/2024,05/03/2025,13/05/2025,89
03/02/2025,16,1,Blaireau,161,07/11/2024,07/03/2025,23/04/2025,88
03/02/2025,16,2,Blaireau,162,07/11/2024,07/03/2025,23/04/2025,88
05/02/2025,16,1,Fouine,161,07/11/2024,07/03/2025,23/04/2025,90
05/02/2025,16,2,Fouine,162,07/11/2024,07/03/2025,23/04/2025,90
06/02/2025,15,1,Lynx,151,07/11/2024,07/03/2025,23/04/2025,91
06/02/2025,15,2,Lynx,152,07/11/2024,07/03/2025,14/05/2025,91
06/02/2025,16,1,Lynx,161,07/11/2024,07/03/2025,23/04/2025,91
06/02/2025,16,2,Lynx,162,07/11/2024,07/03/2025,23/04/2025,91
08/02/2025,13,1,Blaireau,131,07/11/2024,07/03/2025,23/04/2025,93
08/02/2025,13,2,Blaireau,132,07/11/2024,07/03/2025,23/04/2025,93
08/02/2025,22,1,Lynx,221,07/11/2024,07/03/2025,23/04/2025,93
08/02/2025,22,1,Lynx,221,07/11/2024,07/03/2025,23/04/2025,93
08/02/2025,22,2,Lynx,222,07/11/2024,07/03/2025,23/04/2025,93
08/02/2025,22,2,Lynx,222,07/11/2024,07/03/2025,23/04/2025,93
09/02/2025,10,1,Lynx,101,06/11/2024,05/03/2025,22/04/2025,95
09/02/2025,10,2,Lynx,102,06/11/2024,05/03/2025,22/04/2025,95
09/02/2025,11,1,Lynx,111,06/11/2024,05/03/2025,22/04/2025,95
09/02/2025,11,2,Lynx,112,06/11/2024,05/03/2025,13/05/2025,95
09/02/2025,13,1,Lynx,131,07/11/2024,07/03/2025,23/04/2025,94
09/02/2025,13,2,Lynx,132,07/11/2024,07/03/2025,23/04/2025,94
10/02/2025,5,1,Lynx,51,06/11/2024,05/03/2025,22/04/2025,96
10/02/2025,5,2,Lynx,52,06/11/2024,05/03/2025,13/05/2025,96
10/02/2025,8,1,Lynx,81,06/11/2024,05/03/2025,22/04/2025,96
10/02/2025,8,1,Lynx,81,06/11/2024,05/03/2025,22/04/2025,96
10/02/2025,8,2,Lynx,82,06/11/2024,05/03/2025,13/05/2025,96
10/02/2025,8,2,Lynx,82,06/11/2024,05/03/2025,13/05/2025,96
10/02/2025,15,1,Blaireau,151,07/11/2024,07/03/2025,23/04/2025,95
10/02/2025,15,2,Blaireau,152,07/11/2024,07/03/2025,14/05/2025,95
11/02/2025,4,1,Martre,41,06/11/2024,05/03/2025,22/04/2025,97
11/02/2025,4,2,Martre,42,06/11/2024,05/03/2025,22/04/2025,97
11/02/2025,15,1,Blaireau,151,07/11/2024,07/03/2025,23/04/2025,96
11/02/2025,15,2,Blaireau,152,07/11/2024,07/03/2025,14/05/2025,96
12/02/2025,11,1,Blaireau,111,06/11/2024,05/03/2025,22/04/2025,98
12/02/2025,11,2,Blaireau,112,06/11/2024,05/03/2025,13/05/2025,98
12/02/2025,14,1,Cerf,141,07/11/2024,07/03/2025,23/04/2025,97
12/02/2025,14,2,Cerf,142,07/11/2024,07/03/2025,14/05/2025,97
14/02/2025,1,1,Lynx,11,06/11/2024,05/03/2025,22/04/2025,100
14/02/2025,1,2,Lynx,12,06/11/2024,05/03/2025,22/04/2025,100
14/02/2025,4,1,Lynx,41,06/11/2024,05/03/2025,22/04/2025,100
14/02/2025,4,1,Lynx,41,06/11/2024,05/03/2025,22/04/2025,100
14/02/2025,4,2,Lynx,42,06/11/2024,05/03/2025,22/04/2025,100
14/02/2025,4,2,Lynx,42,06/11/2024,05/03/2025,22/04/2025,100
14/02/2025,13,1,Blaireau,131,07/11/2024,07/03/2025,23/04/2025,99
14/02/2025,13,2,Blaireau,132,07/11/2024,07/03/2025,23/04/2025,99
15/02/2025,1,1,Lynx,11,06/11/2024,05/03/2025,22/04/2025,101
15/02/2025,1,2,Lynx,12,06/11/2024,05/03/2025,22/04/2025,101
15/02/2025,7,1,Lynx,71,06/11/2024,05/03/2025,22/04/2025,101
15/02/2025,7,2,Lynx,72,06/11/2024,05/03/2025,22/04/2025,101
15/02/2025,8,1,Lynx,81,06/11/2024,05/03/2025,22/04/2025,101
15/02/2025,8,2,Lynx,82,06/11/2024,05/03/2025,13/05/2025,101
15/02/2025,9,1,Lynx,91,06/11/2024,05/03/2025,22/04/2025,101
15/02/2025,9,2,Lynx,92,06/11/2024,05/03/2025,13/05/2025,101
15/02/2025,15,1,Blaireau,151,07/11/2024,07/03/2025,23/04/2025,100
15/02/2025,15,2,Blaireau,152,07/11/2024,07/03/2025,14/05/2025,100
15/02/2025,22,1,Lynx,221,07/11/2024,07/03/2025,23/04/2025,100
15/02/2025,22,2,Lynx,222,07/11/2024,07/03/2025,23/04/2025,100
16/02/2025,19,1,Lynx,191,07/11/2024,07/03/2025,23/04/2025,101
16/02/2025,19,2,Lynx,192,07/11/2024,07/03/2025,23/04/2025,101
17/02/2025,1,1,Lynx,11,06/11/2024,05/03/2025,22/04/2025,103
17/02/2025,1,2,Lynx,12,06/11/2024,05/03/2025,22/04/2025,103
17/02/2025,2,1,Lynx,21,06/11/2024,05/03/2025,22/04/2025,103
17/02/2025,2,2,Lynx,22,06/11/2024,05/03/2025,13/05/2025,103
17/02/2025,3,1,Lynx,31,06/11/2024,05/03/2025,22/04/2025,103
17/02/2025,3,2,Lynx,32,06/11/2024,05/03/2025,13/05/2025,103
17/02/2025,11,1,Blaireau,111,06/11/2024,05/03/2025,22/04/2025,103
17/02/2025,11,2,Blaireau,112,06/11/2024,05/03/2025,13/05/2025,103
18/02/2025,7,1,Lynx,71,06/11/2024,05/03/2025,22/04/2025,104
18/02/2025,7,2,Lynx,72,06/11/2024,05/03/2025,22/04/2025,104
18/02/2025,11,1,Lynx,111,06/11/2024,05/03/2025,22/04/2025,104
18/02/2025,11,2,Lynx,112,06/11/2024,05/03/2025,13/05/2025,104
20/02/2025,15,1,Blaireau,151,07/11/2024,07/03/2025,23/04/2025,105
20/02/2025,15,2,Blaireau,152,07/11/2024,07/03/2025,14/05/2025,105
21/02/2025,4,1,Blaireau,41,06/11/2024,05/03/2025,22/04/2025,107
21/02/2025,4,2,Blaireau,42,06/11/2024,05/03/2025,22/04/2025,107
21/02/2025,22,1,Lynx,221,07/11/2024,07/03/2025,23/04/2025,106
21/02/2025,22,2,Lynx,222,07/11/2024,07/03/2025,23/04/2025,106
22/02/2025,2,1,Sanglier,21,06/11/2024,05/03/2025,22/04/2025,108
22/02/2025,2,2,Sanglier,22,06/11/2024,05/03/2025,13/05/2025,108
23/02/2025,5,1,Lynx,51,06/11/2024,05/03/2025,22/04/2025,109
23/02/2025,5,2,Lynx,52,06/11/2024,05/03/2025,13/05/2025,109
23/02/2025,8,1,Lynx,81,06/11/2024,05/03/2025,22/04/2025,109
23/02/2025,8,2,Lynx,82,06/11/2024,05/03/2025,13/05/2025,109
23/02/2025,10,1,Ecureuil,101,06/11/2024,05/03/2025,22/04/2025,109
23/02/2025,10,2,Ecureuil,102,06/11/2024,05/03/2025,22/04/2025,109
23/02/2025,11,1,Blaireau,111,06/11/2024,05/03/2025,22/04/2025,109
23/02/2025,11,2,Blaireau,112,06/11/2024,05/03/2025,13/05/2025,109
23/02/2025,13,1,Blaireau,131,07/11/2024,07/03/2025,23/04/2025,108
23/02/2025,13,2,Blaireau,132,07/11/2024,07/03/2025,23/04/2025,108
24/02/2025,11,1,Lynx,111,06/11/2024,05/03/2025,22/04/2025,110
24/02/2025,11,2,Lynx,112,06/11/2024,05/03/2025,13/05/2025,110
24/02/2025,15,1,Blaireau,151,07/11/2024,07/03/2025,23/04/2025,109
24/02/2025,15,2,Blaireau,152,07/11/2024,07/03/2025,14/05/2025,109
25/02/2025,8,1,Lynx,81,06/11/2024,05/03/2025,22/04/2025,111
25/02/2025,8,2,Lynx,82,06/11/2024,05/03/2025,13/05/2025,111
25/02/2025,9,1,Lynx,91,06/11/2024,05/03/2025,22/04/2025,111
25/02/2025,9,2,Lynx,92,06/11/2024,05/03/2025,13/05/2025,111
25/02/2025,22,1,Lynx,221,07/11/2024,07/03/2025,23/04/2025,110
25/02/2025,22,1,Lynx,221,07/11/2024,07/03/2025,23/04/2025,110
25/02/2025,22,1,Lynx,221,07/11/2024,07/03/2025,23/04/2025,110
25/02/2025,22,2,Lynx,222,07/11/2024,07/03/2025,23/04/2025,110
25/02/2025,22,2,Lynx,222,07/11/2024,07/03/2025,23/04/2025,110
25/02/2025,22,2,Lynx,222,07/11/2024,07/03/2025,23/04/2025,110
26/02/2025,11,1,Lynx,111,06/11/2024,05/03/2025,22/04/2025,112
26/02/2025,11,2,Lynx,112,06/11/2024,05/03/2025,13/05/2025,112
26/02/2025,12,1,Lynx,121,06/11/2024,05/03/2025,22/04/2025,112
26/02/2025,12,2,Lynx,122,06/11/2024,05/03/2025,13/05/2025,112
26/02/2025,16,1,Blaireau,161,07/11/2024,07/03/2025,23/04/2025,111
26/02/2025,16,2,Blaireau,162,07/11/2024,07/03/2025,23/04/2025,111
26/02/2025,22,1,Lynx,221,07/11/2024,07/03/2025,23/04/2025,111
26/02/2025,22,2,Lynx,222,07/11/2024,07/03/2025,23/04/2025,111
26/02/2025,24,1,Lynx,241,07/11/2024,07/03/2025,23/04/2025,111
26/02/2025,24,2,Lynx,242,07/11/2024,07/03/2025,14/05/2025,111
27/02/2025,1,1,Lynx,11,06/11/2024,05/03/2025,22/04/2025,113
27/02/2025,1,2,Lynx,12,06/11/2024,05/03/2025,22/04/2025,113
27/02/2025,10,1,Lynx,101,06/11/2024,05/03/2025,22/04/2025,113
27/02/2025,10,1,Lynx,101,06/11/2024,05/03/2025,22/04/2025,113
27/02/2025,10,2,Lynx,102,06/11/2024,05/03/2025,22/04/2025,113
27/02/2025,10,2,Lynx,102,06/11/2024,05/03/2025,22/04/2025,113
27/02/2025,11,1,Blaireau,111,06/11/2024,05/03/2025,22/04/2025,113
27/02/2025,11,1,Lynx,111,06/11/2024,05/03/2025,22/04/2025,113
27/02/2025,11,1,Lynx,111,06/11/2024,05/03/2025,22/04/2025,113
27/02/2025,11,2,Blaireau,112,06/11/2024,05/03/2025,13/05/2025,113
27/02/2025,11,2,Lynx,112,06/11/2024,05/03/2025,13/05/2025,113
27/02/2025,11,2,Lynx,112,06/11/2024,05/03/2025,13/05/2025,113
27/02/2025,22,1,Lynx,221,07/11/2024,07/03/2025,23/04/2025,112
27/02/2025,22,2,Lynx,222,07/11/2024,07/03/2025,23/04/2025,112
27/02/2025,24,1,Lynx,241,07/11/2024,07/03/2025,23/04/2025,112
27/02/2025,24,2,Lynx,242,07/11/2024,07/03/2025,14/05/2025,112
01/03/2025,13,1,Lynx,131,07/11/2024,07/03/2025,23/04/2025,114
01/03/2025,13,2,Lynx,132,07/11/2024,07/03/2025,23/04/2025,114
02/03/2025,12,1,Chevreuil,121,06/11/2024,05/03/2025,22/04/2025,116
02/03/2025,12,2,Chevreuil,122,06/11/2024,05/03/2025,13/05/2025,116
02/03/2025,24,1,Lynx,241,07/11/2024,07/03/2025,23/04/2025,115
02/03/2025,24,2,Lynx,242,07/11/2024,07/03/2025,14/05/2025,115
03/03/2025,16,1,Lynx,161,07/11/2024,07/03/2025,23/04/2025,116
03/03/2025,16,2,Lynx,162,07/11/2024,07/03/2025,23/04/2025,116
03/03/2025,22,1,Lynx,221,07/11/2024,07/03/2025,23/04/2025,116
03/03/2025,22,2,Lynx,222,07/11/2024,07/03/2025,23/04/2025,116
04/03/2025,11,1,Sanglier,111,06/11/2024,05/03/2025,22/04/2025,118
04/03/2025,11,2,Sanglier,112,06/11/2024,05/03/2025,13/05/2025,118
05/03/2025,10,1,Lynx,101,06/11/2024,05/03/2025,22/04/2025,0
05/03/2025,10,2,Lynx,102,06/11/2024,05/03/2025,22/04/2025,0
05/03/2025,22,1,Lynx,221,07/11/2024,07/03/2025,23/04/2025,118
05/03/2025,22,2,Lynx,222,07/11/2024,07/03/2025,23/04/2025,118
06/03/2025,13,1,Chamois,131,07/11/2024,07/03/2025,23/04/2025,119
06/03/2025,13,2,Chamois,132,07/11/2024,07/03/2025,23/04/2025,119
07/03/2025,13,1,Lynx,131,07/11/2024,07/03/2025,23/04/2025,0
07/03/2025,13,2,Lynx,132,07/11/2024,07/03/2025,23/04/2025,0
07/03/2025,22,1,Lynx,221,07/11/2024,07/03/2025,23/04/2025,0
07/03/2025,22,2,Lynx,222,07/11/2024,07/03/2025,23/04/2025,0
08/03/2025,11,1,Blaireau,111,06/11/2024,05/03/2025,22/04/2025,3
08/03/2025,11,2,Blaireau,112,06/11/2024,05/03/2025,13/05/2025,3
08/03/2025,15,1,Sanglier,151,07/11/2024,07/03/2025,23/04/2025,1
08/03/2025,15,2,Sanglier,152,07/11/2024,07/03/2025,14/05/2025,1
09/03/2025,15,1,Blaireau,151,07/11/2024,07/03/2025,23/04/2025,2
09/03/2025,15,2,Blaireau,152,07/11/2024,07/03/2025,14/05/2025,2
10/03/2025,1,1,Lynx,11,06/11/2024,05/03/2025,22/04/2025,5
10/03/2025,1,2,Lynx,12,06/11/2024,05/03/2025,22/04/2025,5
10/03/2025,2,1,Lynx,21,06/11/2024,05/03/2025,22/04/2025,5
10/03/2025,2,2,Lynx,22,06/11/2024,05/03/2025,13/05/2025,5
13/03/2025,13,1,Lynx,131,07/11/2024,07/03/2025,23/04/2025,6
13/03/2025,13,2,Lynx,132,07/11/2024,07/03/2025,23/04/2025,6
13/03/2025,22,1,Lynx,221,07/11/2024,07/03/2025,23/04/2025,6
13/03/2025,22,2,Lynx,222,07/11/2024,07/03/2025,23/04/2025,6
14/03/2025,11,1,Blaireau,111,06/11/2024,05/03/2025,22/04/2025,9
14/03/2025,11,2,Blaireau,112,06/11/2024,05/03/2025,13/05/2025,9
15/03/2025,15,1,Blaireau,151,07/11/2024,07/03/2025,23/04/2025,8
15/03/2025,15,2,Blaireau,152,07/11/2024,07/03/2025,14/05/2025,8
15/03/2025,16,1,Lynx,161,07/11/2024,07/03/2025,23/04/2025,8
15/03/2025,16,2,Lynx,162,07/11/2024,07/03/2025,23/04/2025,8
15/03/2025,18,1,Lynx,181,07/11/2024,07/03/2025,23/04/2025,8
15/03/2025,18,2,Lynx,182,07/11/2024,07/03/2025,14/05/2025,8
15/03/2025,19,1,Blaireau,191,07/11/2024,07/03/2025,23/04/2025,8
15/03/2025,19,2,Blaireau,192,07/11/2024,07/03/2025,23/04/2025,8
17/03/2025,3,1,Lynx,31,06/11/2024,05/03/2025,22/04/2025,12
17/03/2025,3,2,Lynx,32,06/11/2024,05/03/2025,13/05/2025,12
17/03/2025,11,1,Blaireau,111,06/11/2024,05/03/2025,22/04/2025,12
17/03/2025,11,1,Blaireau,111,06/11/2024,05/03/2025,22/04/2025,12
17/03/2025,11,2,Blaireau,112,06/11/2024,05/03/2025,13/05/2025,12
17/03/2025,11,2,Blaireau,112,06/11/2024,05/03/2025,13/05/2025,12
17/03/2025,16,1,Lynx,161,07/11/2024,07/03/2025,23/04/2025,10
17/03/2025,16,2,Lynx,162,07/11/2024,07/03/2025,23/04/2025,10
18/03/2025,7,1,Chevreuil,71,06/11/2024,05/03/2025,22/04/2025,13
18/03/2025,7,1,Lynx,71,06/11/2024,05/03/2025,22/04/2025,13
18/03/2025,7,2,Chevreuil,72,06/11/2024,05/03/2025,22/04/2025,13
18/03/2025,7,2,Lynx,72,06/11/2024,05/03/2025,22/04/2025,13
18/03/2025,8,1,Lynx,81,06/11/2024,05/03/2025,22/04/2025,13
18/03/2025,8,2,Lynx,82,06/11/2024,05/03/2025,13/05/2025,13
18/03/2025,9,1,Lynx,91,06/11/2024,05/03/2025,22/04/2025,13
18/03/2025,9,2,Lynx,92,06/11/2024,05/03/2025,13/05/2025,13
18/03/2025,13,1,Lynx,131,07/11/2024,07/03/2025,23/04/2025,11
18/03/2025,13,2,Lynx,132,07/11/2024,07/03/2025,23/04/2025,11
18/03/2025,22,1,Lynx,221,07/11/2024,07/03/2025,23/04/2025,11
18/03/2025,22,2,Lynx,222,07/11/2024,07/03/2025,23/04/2025,11
18/03/2025,24,1,Lynx,241,07/11/2024,07/03/2025,23/04/2025,11
18/03/2025,24,2,Lynx,242,07/11/2024,07/03/2025,14/05/2025,11
19/03/2025,11,1,Chevreuil,111,06/11/2024,05/03/2025,22/04/2025,14
19/03/2025,11,2,Chevreuil,112,06/11/2024,05/03/2025,13/05/2025,14
21/03/2025,23,1,Blaireau,231,07/11/2024,07/03/2025,23/04/2025,14
21/03/2025,23,2,Blaireau,232,07/11/2024,07/03/2025,14/05/2025,14
22/03/2025,9,1,Chevreuil,91,06/11/2024,05/03/2025,22/04/2025,17
22/03/2025,9,1,Chevreuil,91,06/11/2024,05/03/2025,22/04/2025,17
22/03/2025,9,2,Chevreuil,92,06/11/2024,05/03/2025,13/05/2025,17
22/03/2025,9,2,Chevreuil,92,06/11/2024,05/03/2025,13/05/2025,17
23/03/2025,23,1,Chevreuil,231,07/11/2024,07/03/2025,23/04/2025,16
23/03/2025,23,2,Chevreuil,232,07/11/2024,07/03/2025,14/05/2025,16
24/03/2025,5,1,Chevreuil,51,06/11/2024,05/03/2025,22/04/2025,19
24/03/2025,5,2,Chevreuil,52,06/11/2024,05/03/2025,13/05/2025,19
24/03/2025,15,1,Blaireau,151,07/11/2024,07/03/2025,23/04/2025,17
24/03/2025,15,1,Sanglier,151,07/11/2024,07/03/2025,23/04/2025,17
24/03/2025,15,2,Blaireau,152,07/11/2024,07/03/2025,14/05/2025,17
24/03/2025,15,2,Sanglier,152,07/11/2024,07/03/2025,14/05/2025,17
24/03/2025,18,1,Blaireau,181,07/11/2024,07/03/2025,23/04/2025,17
24/03/2025,18,2,Blaireau,182,07/11/2024,07/03/2025,14/05/2025,17
25/03/2025,18,1,Martre,181,07/11/2024,07/03/2025,23/04/2025,18
25/03/2025,18,2,Martre,182,07/11/2024,07/03/2025,14/05/2025,18
25/03/2025,22,1,Blaireau,221,07/11/2024,07/03/2025,23/04/2025,18
25/03/2025,22,2,Blaireau,222,07/11/2024,07/03/2025,23/04/2025,18
26/03/2025,2,1,Chamois,21,06/11/2024,05/03/2025,22/04/2025,21
26/03/2025,2,2,Chamois,22,06/11/2024,05/03/2025,13/05/2025,21
26/03/2025,12,1,Lynx,121,06/11/2024,05/03/2025,22/04/2025,21
26/03/2025,12,2,Lynx,122,06/11/2024,05/03/2025,13/05/2025,21
26/03/2025,23,1,Chevreuil,231,07/11/2024,07/03/2025,23/04/2025,19
26/03/2025,23,2,Chevreuil,232,07/11/2024,07/03/2025,14/05/2025,19
27/03/2025,5,1,Chat,51,06/11/2024,05/03/2025,22/04/2025,22
27/03/2025,5,2,Chat,52,06/11/2024,05/03/2025,13/05/2025,22
27/03/2025,22,1,Lynx,221,07/11/2024,07/03/2025,23/04/2025,20
27/03/2025,22,2,Lynx,222,07/11/2024,07/03/2025,23/04/2025,20
28/03/2025,7,1,Chamois,71,06/11/2024,05/03/2025,22/04/2025,23
28/03/2025,7,2,Chamois,72,06/11/2024,05/03/2025,22/04/2025,23
28/03/2025,12,1,Chevreuil,121,06/11/2024,05/03/2025,22/04/2025,23
28/03/2025,12,2,Chevreuil,122,06/11/2024,05/03/2025,13/05/2025,23
28/03/2025,23,1,Chevreuil,231,07/11/2024,07/03/2025,23/04/2025,21
28/03/2025,23,2,Chevreuil,232,07/11/2024,07/03/2025,14/05/2025,21
29/03/2025,12,1,Chevreuil,121,06/11/2024,05/03/2025,22/04/2025,24
29/03/2025,12,2,Chevreuil,122,06/11/2024,05/03/2025,13/05/2025,24
29/03/2025,13,1,Lynx,131,07/11/2024,07/03/2025,23/04/2025,22
29/03/2025,13,2,Lynx,132,07/11/2024,07/03/2025,23/04/2025,22
29/03/2025,15,1,Blaireau,151,07/11/2024,07/03/2025,23/04/2025,22
29/03/2025,15,2,Blaireau,152,07/11/2024,07/03/2025,14/05/2025,22
31/03/2025,11,1,Sanglier,111,06/11/2024,05/03/2025,22/04/2025,26
31/03/2025,11,2,Sanglier,112,06/11/2024,05/03/2025,13/05/2025,26
31/03/2025,20,1,Chamois,201,07/11/2024,07/03/2025,23/04/2025,24
31/03/2025,20,2,Chamois,202,07/11/2024,07/03/2025,14/05/2025,24
31/03/2025,23,1,Sanglier,231,07/11/2024,07/03/2025,23/04/2025,24
31/03/2025,23,2,Sanglier,232,07/11/2024,07/03/2025,14/05/2025,24
01/04/2025,2,1,Chamois,21,06/11/2024,05/03/2025,22/04/2025,27
01/04/2025,2,2,Chamois,22,06/11/2024,05/03/2025,13/05/2025,27
01/04/2025,3,1,Cerf,31,06/11/2024,05/03/2025,22/04/2025,27
01/04/2025,3,2,Cerf,32,06/11/2024,05/03/2025,13/05/2025,27
01/04/2025,11,1,Chevreuil,111,06/11/2024,05/03/2025,22/04/2025,27
01/04/2025,11,2,Chevreuil,112,06/11/2024,05/03/2025,13/05/2025,27
01/04/2025,18,1,Chamois,181,07/11/2024,07/03/2025,23/04/2025,25
01/04/2025,18,2,Chamois,182,07/11/2024,07/03/2025,14/05/2025,25
01/04/2025,19,1,Lynx,191,07/11/2024,07/03/2025,23/04/2025,25
01/04/2025,19,2,Lynx,192,07/11/2024,07/03/2025,23/04/2025,25
02/04/2025,18,1,Blaireau,181,07/11/2024,07/03/2025,23/04/2025,26
02/04/2025,18,1,Martre,181,07/11/2024,07/03/2025,23/04/2025,26
02/04/2025,18,2,Blaireau,182,07/11/2024,07/03/2025,14/05/2025,26
02/04/2025,18,2,Martre,182,07/11/2024,07/03/2025,14/05/2025,26
03/04/2025,7,1,Chamois,71,06/11/2024,05/03/2025,22/04/2025,29
03/04/2025,7,2,Chamois,72,06/11/2024,05/03/2025,22/04/2025,29
04/04/2025,7,1,Chevreuil,71,06/11/2024,05/03/2025,22/04/2025,30
04/04/2025,7,2,Chevreuil,72,06/11/2024,05/03/2025,22/04/2025,30
04/04/2025,11,1,Chevreuil,111,06/11/2024,05/03/2025,22/04/2025,30
04/04/2025,11,2,Chevreuil,112,06/11/2024,05/03/2025,13/05/2025,30
04/04/2025,18,1,Chevreuil,181,07/11/2024,07/03/2025,23/04/2025,28
04/04/2025,18,2,Chevreuil,182,07/11/2024,07/03/2025,14/05/2025,28
06/04/2025,15,1,Blaireau,151,07/11/2024,07/03/2025,23/04/2025,30
06/04/2025,15,2,Blaireau,152,07/11/2024,07/03/2025,14/05/2025,30
07/04/2025,4,1,Lynx,41,06/11/2024,05/03/2025,22/04/2025,33
07/04/2025,4,2,Lynx,42,06/11/2024,05/03/2025,22/04/2025,33
07/04/2025,11,1,Blaireau,111,06/11/2024,05/03/2025,22/04/2025,33
07/04/2025,11,2,Blaireau,112,06/11/2024,05/03/2025,13/05/2025,33
08/04/2025,11,1,Chevreuil,111,06/11/2024,05/03/2025,22/04/2025,34
08/04/2025,11,2,Chevreuil,112,06/11/2024,05/03/2025,13/05/2025,34
09/04/2025,20,1,Sanglier,201,07/11/2024,07/03/2025,23/04/2025,33
09/04/2025,20,2,Sanglier,202,07/11/2024,07/03/2025,14/05/2025,33
12/04/2025,24,1,Cerf,241,07/11/2024,07/03/2025,23/04/2025,36
12/04/2025,24,2,Cerf,242,07/11/2024,07/03/2025,14/05/2025,36
13/04/2025,15,1,Blaireau,151,07/11/2024,07/03/2025,23/04/2025,37
13/04/2025,15,2,Blaireau,152,07/11/2024,07/03/2025,14/05/2025,37
15/04/2025,1,1,Sanglier,11,06/11/2024,05/03/2025,22/04/2025,41
15/04/2025,1,2,Sanglier,12,06/11/2024,05/03/2025,22/04/2025,41
15/04/2025,5,1,Chat,51,06/11/2024,05/03/2025,22/04/2025,41
15/04/2025,5,2,Chat,52,06/11/2024,05/03/2025,13/05/2025,41
15/04/2025,15,1,Lynx,151,07/11/2024,07/03/2025,23/04/2025,39
15/04/2025,15,2,Lynx,152,07/11/2024,07/03/2025,14/05/2025,39
16/04/2025,13,1,Lynx,131,07/11/2024,07/03/2025,23/04/2025,40
16/04/2025,13,2,Lynx,132,07/11/2024,07/03/2025,23/04/2025,40
16/04/2025,15,1,Blaireau,151,07/11/2024,07/03/2025,23/04/2025,40
16/04/2025,15,2,Blaireau,152,07/11/2024,07/03/2025,14/05/2025,40
17/04/2025,11,1,Blaireau,111,06/11/2024,05/03/2025,22/04/2025,43
17/04/2025,11,2,Blaireau,112,06/11/2024,05/03/2025,13/05/2025,43
18/04/2025,17,1,Cerf,171,07/11/2024,07/03/2025,23/04/2025,42
18/04/2025,17,2,Cerf,172,07/11/2024,07/03/2025,14/05/2025,42
18/04/2025,21,1,Chamois,211,07/11/2024,07/03/2025,23/04/2025,42
18/04/2025,21,2,Chamois,212,07/11/2024,07/03/2025,14/05/2025,42
19/04/2025,5,1,Chevreuil,51,06/11/2024,05/03/2025,22/04/2025,45
19/04/2025,5,2,Chevreuil,52,06/11/2024,05/03/2025,13/05/2025,45
19/04/2025,18,1,Lynx,181,07/11/2024,07/03/2025,23/04/2025,43
19/04/2025,18,2,Lynx,182,07/11/2024,07/03/2025,14/05/2025,43
22/04/2025,8,1,Chamois,81,06/11/2024,05/03/2025,22/04/2025,0
22/04/2025,8,2,Chamois,82,06/11/2024,05/03/2025,13/05/2025,48
23/04/2025,8,1,Chevreuil,81,06/11/2024,05/03/2025,22/04/2025,1
23/04/2025,8,2,Chevreuil,82,06/11/2024,05/03/2025,13/05/2025,49
24/04/2025,8,1,Fouine,81,06/11/2024,05/03/2025,22/04/2025,2
24/04/2025,8,2,Fouine,82,06/11/2024,05/03/2025,13/05/2025,50
24/04/2025,13,1,Martes sp.,131,07/11/2024,07/03/2025,23/04/2025,1
24/04/2025,13,2,Martes sp.,132,07/11/2024,07/03/2025,23/04/2025,1
24/04/2025,24,1,Cerf,241,07/11/2024,07/03/2025,23/04/2025,1
24/04/2025,24,2,Cerf,242,07/11/2024,07/03/2025,14/05/2025,48
25/04/2025,8,1,Chamois,81,06/11/2024,05/03/2025,22/04/2025,3
25/04/2025,8,2,Chamois,82,06/11/2024,05/03/2025,13/05/2025,51
25/04/2025,9,1,Chevreuil,91,06/11/2024,05/03/2025,22/04/2025,3
25/04/2025,9,2,Chevreuil,92,06/11/2024,05/03/2025,13/05/2025,51
25/04/2025,10,1,Lynx,101,06/11/2024,05/03/2025,22/04/2025,3
25/04/2025,10,2,Lynx,102,06/11/2024,05/03/2025,22/04/2025,3
26/04/2025,23,1,Chevreuil,231,07/11/2024,07/03/2025,23/04/2025,3
26/04/2025,23,2,Chevreuil,232,07/11/2024,07/03/2025,14/05/2025,50
27/04/2025,15,1,Blaireau,151,07/11/2024,07/03/2025,23/04/2025,4
27/04/2025,15,2,Blaireau,152,07/11/2024,07/03/2025,14/05/2025,51
27/04/2025,22,1,Martes sp.,221,07/11/2024,07/03/2025,23/04/2025,4
27/04/2025,22,2,Martes sp.,222,07/11/2024,07/03/2025,23/04/2025,4
28/04/2025,22,1,Chevreuil,221,07/11/2024,07/03/2025,23/04/2025,5
28/04/2025,22,2,Chevreuil,222,07/11/2024,07/03/2025,23/04/2025,5
28/04/2025,24,1,Lynx,241,07/11/2024,07/03/2025,23/04/2025,5
28/04/2025,24,2,Lynx,242,07/11/2024,07/03/2025,14/05/2025,52
29/04/2025,18,1,Chevreuil,181,07/11/2024,07/03/2025,23/04/2025,6
29/04/2025,18,2,Chevreuil,182,07/11/2024,07/03/2025,14/05/2025,53
30/04/2025,9,1,Chevreuil,91,06/11/2024,05/03/2025,22/04/2025,8
30/04/2025,9,2,Chevreuil,92,06/11/2024,05/03/2025,13/05/2025,56
30/04/2025,20,1,Chevreuil,201,07/11/2024,07/03/2025,23/04/2025,7
30/04/2025,20,2,Chevreuil,202,07/11/2024,07/03/2025,14/05/2025,54
01/05/2025,8,1,Chamois,81,06/11/2024,05/03/2025,22/04/2025,9
01/05/2025,8,2,Chamois,82,06/11/2024,05/03/2025,13/05/2025,57
02/05/2025,1,1,Lynx,11,06/11/2024,05/03/2025,22/04/2025,10
02/05/2025,1,2,Lynx,12,06/11/2024,05/03/2025,22/04/2025,10
04/05/2025,4,1,Lynx,41,06/11/2024,05/03/2025,22/04/2025,12
04/05/2025,4,2,Lynx,42,06/11/2024,05/03/2025,22/04/2025,12
04/05/2025,13,1,Lynx,131,07/11/2024,07/03/2025,23/04/2025,11
04/05/2025,13,2,Lynx,132,07/11/2024,07/03/2025,23/04/2025,11
06/05/2025,7,1,Chevreuil,71,06/11/2024,05/03/2025,22/04/2025,14
06/05/2025,7,2,Chevreuil,72,06/11/2024,05/03/2025,22/04/2025,14
06/05/2025,10,1,Lynx,101,06/11/2024,05/03/2025,22/04/2025,14
06/05/2025,10,2,Lynx,102,06/11/2024,05/03/2025,22/04/2025,14
06/05/2025,15,1,Blaireau,151,07/11/2024,07/03/2025,23/04/2025,13
06/05/2025,15,2,Blaireau,152,07/11/2024,07/03/2025,14/05/2025,60
06/05/2025,21,1,Lynx,211,07/11/2024,07/03/2025,23/04/2025,13
06/05/2025,21,2,Lynx,212,07/11/2024,07/03/2025,14/05/2025,60
08/05/2025,19,1,Lynx,191,07/11/2024,07/03/2025,23/04/2025,15
08/05/2025,19,2,Lynx,192,07/11/2024,07/03/2025,23/04/2025,15
09/05/2025,17,1,Martre,171,07/11/2024,07/03/2025,23/04/2025,16
09/05/2025,17,2,Martre,172,07/11/2024,07/03/2025,14/05/2025,63
09/05/2025,18,1,Chevreuil,181,07/11/2024,07/03/2025,23/04/2025,16
09/05/2025,18,2,Chevreuil,182,07/11/2024,07/03/2025,14/05/2025,63
10/05/2025,4,1,Chamois,41,06/11/2024,05/03/2025,22/04/2025,18
10/05/2025,4,2,Chamois,42,06/11/2024,05/03/2025,22/04/2025,18
10/05/2025,11,1,Chamois,111,06/11/2024,05/03/2025,22/04/2025,18
10/05/2025,11,2,Chamois,112,06/11/2024,05/03/2025,13/05/2025,66
10/05/2025,16,1,Lynx,161,07/11/2024,07/03/2025,23/04/2025,17
10/05/2025,16,2,Lynx,162,07/11/2024,07/03/2025,23/04/2025,17
12/05/2025,8,1,Chamois,81,06/11/2024,05/03/2025,22/04/2025,20
12/05/2025,8,2,Chamois,82,06/11/2024,05/03/2025,13/05/2025,68
12/05/2025,11,1,Chamois,111,06/11/2024,05/03/2025,22/04/2025,20
12/05/2025,11,2,Chamois,112,06/11/2024,05/03/2025,13/05/2025,68
13/05/2025,3,1,Lynx,31,06/11/2024,05/03/2025,22/04/2025,21
13/05/2025,3,2,Lynx,32,06/11/2024,05/03/2025,13/05/2025,0
13/05/2025,8,1,Fouine,81,06/11/2024,05/03/2025,22/04/2025,21
13/05/2025,8,2,Fouine,82,06/11/2024,05/03/2025,13/05/2025,0
13/05/2025,15,1,Blaireau,151,07/11/2024,07/03/2025,23/04/2025,20
13/05/2025,15,2,Blaireau,152,07/11/2024,07/03/2025,14/05/2025,67
13/05/2025,17,1,Chamois,171,07/11/2024,07/03/2025,23/04/2025,20
13/05/2025,17,2,Chamois,172,07/11/2024,07/03/2025,14/05/2025,67
13/05/2025,18,1,Chamois,181,07/11/2024,07/03/2025,23/04/2025,20
13/05/2025,18,2,Chamois,182,07/11/2024,07/03/2025,14/05/2025,67
17/05/2025,8,1,Chevreuil,81,06/11/2024,05/03/2025,22/04/2025,25
17/05/2025,8,2,Chevreuil,82,06/11/2024,05/03/2025,13/05/2025,4
17/05/2025,9,1,Chevreuil,91,06/11/2024,05/03/2025,22/04/2025,25
17/05/2025,9,2,Chevreuil,92,06/11/2024,05/03/2025,13/05/2025,4
18/05/2025,4,1,Lynx,41,06/11/2024,05/03/2025,22/04/2025,26
18/05/2025,4,1,Lynx,41,06/11/2024,05/03/2025,22/04/2025,26
18/05/2025,4,2,Lynx,42,06/11/2024,05/03/2025,22/04/2025,26
18/05/2025,4,2,Lynx,42,06/11/2024,05/03/2025,22/04/2025,26
18/05/2025,22,1,Lynx,221,07/11/2024,07/03/2025,23/04/2025,25
18/05/2025,22,2,Lynx,222,07/11/2024,07/03/2025,23/04/2025,25
19/05/2025,4,1,Fouine,41,06/11/2024,05/03/2025,22/04/2025,27
19/05/2025,4,2,Fouine,42,06/11/2024,05/03/2025,22/04/2025,27
19/05/2025,7,1,Chevreuil,71,06/11/2024,05/03/2025,22/04/2025,27
19/05/2025,7,2,Chevreuil,72,06/11/2024,05/03/2025,22/04/2025,27
20/05/2025,4,1,Lynx,41,06/11/2024,05/03/2025,22/04/2025,28
20/05/2025,4,2,Lynx,42,06/11/2024,05/03/2025,22/04/2025,28
21/05/2025,8,1,Martre,81,06/11/2024,05/03/2025,22/04/2025,29
21/05/2025,8,2,Martre,82,06/11/2024,05/03/2025,13/05/2025,8
21/05/2025,16,1,Martre,161,07/11/2024,07/03/2025,23/04/2025,28
21/05/2025,16,2,Martre,162,07/11/2024,07/03/2025,23/04/2025,28
21/05/2025,19,1,Chamois,191,07/11/2024,07/03/2025,23/04/2025,28
21/05/2025,19,2,Chamois,192,07/11/2024,07/03/2025,23/04/2025,28
21/05/2025,23,1,Chevreuil,231,07/11/2024,07/03/2025,23/04/2025,28
21/05/2025,23,2,Chevreuil,232,07/11/2024,07/03/2025,14/05/2025,7
22/05/2025,8,1,Fouine,81,06/11/2024,05/03/2025,22/04/2025,30
22/05/2025,8,2,Fouine,82,06/11/2024,05/03/2025,13/05/2025,9
22/05/2025,19,1,Chamois,191,07/11/2024,07/03/2025,23/04/2025,29
22/05/2025,19,2,Chamois,192,07/11/2024,07/03/2025,23/04/2025,29
22/05/2025,22,1,Martre,221,07/11/2024,07/03/2025,23/04/2025,29
22/05/2025,22,2,Martre,222,07/11/2024,07/03/2025,23/04/2025,29
23/05/2025,1,1,Sanglier,11,06/11/2024,05/03/2025,22/04/2025,31
23/05/2025,1,1,Sanglier,11,06/11/2024,05/03/2025,22/04/2025,31
23/05/2025,1,2,Sanglier,12,06/11/2024,05/03/2025,22/04/2025,31
23/05/2025,1,2,Sanglier,12,06/11/2024,05/03/2025,22/04/2025,31
23/05/2025,8,1,Fouine,81,06/11/2024,05/03/2025,22/04/2025,31
23/05/2025,8,2,Fouine,82,06/11/2024,05/03/2025,13/05/2025,10
23/05/2025,24,1,Sanglier,241,07/11/2024,07/03/2025,23/04/2025,30
23/05/2025,24,1,Lynx,241,07/11/2024,07/03/2025,23/04/2025,30
23/05/2025,24,2,Sanglier,242,07/11/2024,07/03/2025,14/05/2025,9
23/05/2025,24,2,Lynx,242,07/11/2024,07/03/2025,14/05/2025,9
25/05/2025,1,1,Lynx,11,06/11/2024,05/03/2025,22/04/2025,33
25/05/2025,1,2,Lynx,12,06/11/2024,05/03/2025,22/04/2025,33
25/05/2025,4,1,Chamois,41,06/11/2024,05/03/2025,22/04/2025,33
25/05/2025,4,2,Chamois,42,06/11/2024,05/03/2025,22/04/2025,33
25/05/2025,16,1,Chamois,161,07/11/2024,07/03/2025,23/04/2025,32
25/05/2025,16,2,Chamois,162,07/11/2024,07/03/2025,23/04/2025,32
28/05/2025,4,1,Fouine,41,06/11/2024,05/03/2025,22/04/2025,36
28/05/2025,4,2,Fouine,42,06/11/2024,05/03/2025,22/04/2025,36
29/05/2025,11,1,Lynx,111,06/11/2024,05/03/2025,22/04/2025,37
29/05/2025,11,2,Lynx,112,06/11/2024,05/03/2025,13/05/2025,16
29/05/2025,21,1,Chamois,211,07/11/2024,07/03/2025,23/04/2025,36
29/05/2025,21,2,Chamois,212,07/11/2024,07/03/2025,14/05/2025,15
31/05/2025,16,1,Chamois,161,07/11/2024,07/03/2025,23/04/2025,38
31/05/2025,16,2,Chamois,162,07/11/2024,07/03/2025,23/04/2025,38
02/06/2025,8,1,Fouine,81,06/11/2024,05/03/2025,22/04/2025,41
02/06/2025,8,2,Fouine,82,06/11/2024,05/03/2025,13/05/2025,20
02/06/2025,13,1,Lynx,131,07/11/2024,07/03/2025,23/04/2025,40
02/06/2025,13,2,Lynx,132,07/11/2024,07/03/2025,23/04/2025,40
02/06/2025,23,1,Chevreuil,231,07/11/2024,07/03/2025,23/04/2025,40
02/06/2025,23,2,Chevreuil,232,07/11/2024,07/03/2025,14/05/2025,19
03/06/2025,23,1,Sanglier,231,07/11/2024,07/03/2025,23/04/2025,41
03/06/2025,23,2,Sanglier,232,07/11/2024,07/03/2025,14/05/2025,20
04/06/2025,7,1,Chevreuil,71,06/11/2024,05/03/2025,22/04/2025,43
04/06/2025,7,2,Chevreuil,72,06/11/2024,05/03/2025,22/04/2025,43
05/06/2025,4,1,Lynx,41,06/11/2024,05/03/2025,22/04/2025,44
05/06/2025,4,2,Lynx,42,06/11/2024,05/03/2025,22/04/2025,44
05/06/2025,17,1,Cerf,171,07/11/2024,07/03/2025,23/04/2025,43
05/06/2025,17,2,Cerf,172,07/11/2024,07/03/2025,14/05/2025,22
06/06/2025,12,1,Chevreuil,121,06/11/2024,05/03/2025,22/04/2025,45
06/06/2025,12,2,Chevreuil,122,06/11/2024,05/03/2025,13/05/2025,24
07/06/2025,5,1,Martes sp.,51,06/11/2024,05/03/2025,22/04/2025,46
07/06/2025,5,2,Martes sp.,52,06/11/2024,05/03/2025,13/05/2025,25
07/06/2025,7,1,Chamois,71,06/11/2024,05/03/2025,22/04/2025,46
07/06/2025,7,2,Chamois,72,06/11/2024,05/03/2025,22/04/2025,46
07/06/2025,16,1,Martre,161,07/11/2024,07/03/2025,23/04/2025,45
07/06/2025,16,1,Martre,161,07/11/2024,07/03/2025,23/04/2025,45
07/06/2025,16,2,Martre,162,07/11/2024,07/03/2025,23/04/2025,45
07/06/2025,16,2,Martre,162,07/11/2024,07/03/2025,23/04/2025,45
09/06/2025,8,1,Chamois,81,06/11/2024,05/03/2025,22/04/2025,48
09/06/2025,8,2,Chamois,82,06/11/2024,05/03/2025,13/05/2025,27
09/06/2025,19,1,Chamois,191,07/11/2024,07/03/2025,23/04/2025,47
09/06/2025,19,2,Chamois,192,07/11/2024,07/03/2025,23/04/2025,47
10/06/2025,17,1,Chamois,171,07/11/2024,07/03/2025,23/04/2025,48
10/06/2025,17,2,Chamois,172,07/11/2024,07/03/2025,14/05/2025,27
10/06/2025,19,1,Chamois,191,07/11/2024,07/03/2025,23/04/2025,48
10/06/2025,19,2,Chamois,192,07/11/2024,07/03/2025,23/04/2025,48
12/06/2025,8,1,Fouine,81,06/11/2024,05/03/2025,22/04/2025,51
12/06/2025,8,2,Fouine,82,06/11/2024,05/03/2025,13/05/2025,30
12/06/2025,9,1,Fouine,91,06/11/2024,05/03/2025,22/04/2025,51
12/06/2025,9,2,Fouine,92,06/11/2024,05/03/2025,13/05/2025,30
14/06/2025,18,1,Chamois,181,07/11/2024,07/03/2025,23/04/2025,52
14/06/2025,18,1,Chamois,181,07/11/2024,07/03/2025,23/04/2025,52
14/06/2025,18,2,Chamois,182,07/11/2024,07/03/2025,14/05/2025,31
14/06/2025,18,2,Chamois,182,07/11/2024,07/03/2025,14/05/2025,31
17/06/2025,8,1,Chamois,81,06/11/2024,05/03/2025,22/04/2025,56
17/06/2025,8,2,Chamois,82,06/11/2024,05/03/2025,13/05/2025,35
17/06/2025,22,1,Chat,221,07/11/2024,07/03/2025,23/04/2025,55
17/06/2025,22,2,Chat,222,07/11/2024,07/03/2025,23/04/2025,55
18/06/2025,2,1,Lynx,21,06/11/2024,05/03/2025,22/04/2025,57
18/06/2025,2,2,Lynx,22,06/11/2024,05/03/2025,13/05/2025,36
18/06/2025,8,1,Fouine,81,06/11/2024,05/03/2025,22/04/2025,57
18/06/2025,8,2,Fouine,82,06/11/2024,05/03/2025,13/05/2025,36
18/06/2025,19,1,Chamois,191,07/11/2024,07/03/2025,23/04/2025,56
18/06/2025,19,2,Chamois,192,07/11/2024,07/03/2025,23/04/2025,56
18/06/2025,21,1,Chamois,211,07/11/2024,07/03/2025,23/04/2025,56
18/06/2025,21,1,Chamois,211,07/11/2024,07/03/2025,23/04/2025,56
18/06/2025,21,2,Chamois,212,07/11/2024,07/03/2025,14/05/2025,35
18/06/2025,21,2,Chamois,212,07/11/2024,07/03/2025,14/05/2025,35
19/06/2025,1,1,Lynx,11,06/11/2024,05/03/2025,22/04/2025,58
19/06/2025,1,2,Lynx,12,06/11/2024,05/03/2025,22/04/2025,58
19/06/2025,2,1,Lynx,21,06/11/2024,05/03/2025,22/04/2025,58
19/06/2025,2,2,Lynx,22,06/11/2024,05/03/2025,13/05/2025,37
19/06/2025,16,1,Chamois,161,07/11/2024,07/03/2025,23/04/2025,57
19/06/2025,16,2,Chamois,162,07/11/2024,07/03/2025,23/04/2025,57
19/06/2025,19,1,Chamois,191,07/11/2024,07/03/2025,23/04/2025,57
19/06/2025,19,2,Chamois,192,07/11/2024,07/03/2025,23/04/2025,57
20/06/2025,1,1,Lynx,11,06/11/2024,05/03/2025,22/04/2025,59
20/06/2025,1,2,Lynx,12,06/11/2024,05/03/2025,22/04/2025,59
20/06/2025,2,1,Chamois,21,06/11/2024,05/03/2025,22/04/2025,59
20/06/2025,2,1,Lynx,21,06/11/2024,05/03/2025,22/04/2025,59
20/06/2025,2,2,Chamois,22,06/11/2024,05/03/2025,13/05/2025,38
20/06/2025,2,2,Lynx,22,06/11/2024,05/03/2025,13/05/2025,38
20/06/2025,20,1,Chamois,201,07/11/2024,07/03/2025,23/04/2025,58
20/06/2025,20,2,Chamois,202,07/11/2024,07/03/2025,14/05/2025,37
21/06/2025,8,1,Chamois,81,06/11/2024,05/03/2025,22/04/2025,60
21/06/2025,8,2,Chamois,82,06/11/2024,05/03/2025,13/05/2025,39
21/06/2025,9,1,Chamois,91,06/11/2024,05/03/2025,22/04/2025,60
21/06/2025,9,2,Chamois,92,06/11/2024,05/03/2025,13/05/2025,39
21/06/2025,20,1,Chamois,201,07/11/2024,07/03/2025,23/04/2025,59
21/06/2025,20,2,Chamois,202,07/11/2024,07/03/2025,14/05/2025,38
21/06/2025,21,1,Chamois,211,07/11/2024,07/03/2025,23/04/2025,59
21/06/2025,21,2,Chamois,212,07/11/2024,07/03/2025,14/05/2025,38
23/06/2025,4,1,Lynx,41,06/11/2024,05/03/2025,22/04/2025,62
23/06/2025,4,2,Lynx,42,06/11/2024,05/03/2025,22/04/2025,62
24/06/2025,9,1,Lynx,91,06/11/2024,05/03/2025,22/04/2025,63
24/06/2025,9,2,Lynx,92,06/11/2024,05/03/2025,13/05/2025,42
24/06/2025,13,1,Chamois,131,07/11/2024,07/03/2025,23/04/2025,62
24/06/2025,13,2,Chamois,132,07/11/2024,07/03/2025,23/04/2025,62
25/06/2025,13,1,Chamois,131,07/11/2024,07/03/2025,23/04/2025,63
25/06/2025,13,2,Chamois,132,07/11/2024,07/03/2025,23/04/2025,63
25/06/2025,19,1,Lynx,191,07/11/2024,07/03/2025,23/04/2025,63
25/06/2025,19,2,Lynx,192,07/11/2024,07/03/2025,23/04/2025,63
26/06/2025,14,1,Chamois,141,07/11/2024,07/03/2025,23/04/2025,64
26/06/2025,14,2,Chamois,142,07/11/2024,07/03/2025,14/05/2025,43
27/06/2025,1,1,Lynx,11,06/11/2024,05/03/2025,22/04/2025,66
27/06/2025,1,2,Lynx,12,06/11/2024,05/03/2025,22/04/2025,66
27/06/2025,12,1,Chevreuil,121,06/11/2024,05/03/2025,22/04/2025,66
27/06/2025,12,2,Chevreuil,122,06/11/2024,05/03/2025,13/05/2025,45
