NumDetect,MS,PP,PE,Date,Heure,Espece
1,3,1,1,10/11/2024,02:32:00,Lynx
2,3,2,1,10/11/2024,02:32:00,Lynx
3,11,1,1,10/11/2024,07:11:00,Lynx
4,11,2,1,10/11/2024,07:11:00,Lynx
5,10,1,1,12/11/2024,23:25:00,Chat
6,10,2,1,12/11/2024,23:25:00,Chat
7,12,1,1,13/11/2024,22:58:00,Chevreuil
8,12,2,1,13/11/2024,22:58:00,Chevreuil
9,23,1,1,13/11/2024,00:04:00,Chevreuil
10,23,2,1,13/11/2024,00:04:00,Chevreuil
11,23,1,1,15/11/2024,01:22:00,Sanglier
12,23,2,1,15/11/2024,01:22:00,Sanglier
13,11,1,1,16/11/2024,08:06:00,Chevreuil
14,11,2,1,16/11/2024,08:06:00,Chevreuil
15,10,1,1,19/11/2024,,Lynx
16,10,2,1,19/11/2024,,Lynx
17,7,1,1,22/11/2024,08:34:00,Lynx
18,7,2,1,22/11/2024,08:34:00,Lynx
19,9,1,1,22/11/2024,08:41:00,Lynx
20,9,2,1,22/11/2024,08:41:00,Lynx
21,7,1,1,30/11/2024,19:36:00,Lynx
22,7,2,1,30/11/2024,19:36:00,Lynx
23,8,1,1,30/11/2024,19:20:00,Lynx
24,8,2,1,30/11/2024,19:20:00,Lynx
25,9,1,1,30/11/2024,12:13:00,Chevreuil
26,9,1,1,30/11/2024,19:53:00,Lynx
27,9,2,1,30/11/2024,12:13:00,Chevreuil
28,9,2,1,30/11/2024,19:53:00,Lynx
29,12,1,1,30/11/2024,15:17:00,Chien
30,12,2,1,30/11/2024,15:17:00,Chien
31,5,1,1,03/12/2024,17:16:00,Lynx
32,5,2,1,03/12/2024,17:16:00,Lynx
33,11,1,1,03/12/2024,10:08:00,Chevreuil
34,11,2,1,03/12/2024,10:08:00,Chevreuil
35,4,1,1,04/12/2024,23:09:00,Sanglier
36,4,2,1,04/12/2024,23:09:00,Sanglier
37,11,1,1,04/12/2024,02:35:00,Sanglier
38,11,2,1,04/12/2024,02:35:00,Sanglier
39,14,1,1,04/12/2024,15:25:00,Lynx
40,14,2,1,04/12/2024,15:25:00,Lynx
41,17,1,1,04/12/2024,21:50:00,Sanglier
42,17,2,1,04/12/2024,21:50:00,Sanglier
43,11,1,1,05/12/2024,09:25:00,Chevreuil
44,11,2,1,05/12/2024,09:25:00,Chevreuil
45,11,1,1,06/12/2024,05:12:00,Lynx
46,11,2,1,06/12/2024,05:12:00,Lynx
47,19,1,1,08/12/2024,03:28:00,Blaireau
48,19,2,1,08/12/2024,03:28:00,Blaireau
49,7,1,1,09/12/2024,01:25:00,Lynx
50,7,2,1,09/12/2024,01:25:00,Lynx
51,8,1,1,09/12/2024,01:27:00,Lynx
52,8,2,1,09/12/2024,01:27:00,Lynx
53,9,1,1,09/12/2024,01:24:00,Lynx
54,9,1,1,09/12/2024,18:08:00,Sanglier
55,9,2,1,09/12/2024,01:24:00,Lynx
56,9,2,1,09/12/2024,18:08:00,Sanglier
57,13,1,1,09/12/2024,18:34:00,Lynx
58,13,2,1,09/12/2024,18:34:00,Lynx
59,14,1,1,09/12/2024,18:32:00,Lynx
60,14,2,1,09/12/2024,18:32:00,Lynx
61,16,1,1,12/12/2024,21:57:00,Lynx
62,16,2,1,12/12/2024,21:57:00,Lynx
63,18,1,1,12/12/2024,21:46:00,Lynx
64,18,2,1,12/12/2024,21:46:00,Lynx
65,19,1,1,12/12/2024,18:40:00,Lynx
66,19,2,1,12/12/2024,18:40:00,Lynx
67,20,1,1,12/12/2024,18:11:00,Lynx
68,20,2,1,12/12/2024,18:11:00,Lynx
69,11,1,1,13/12/2024,22:42:00,Sanglier
70,11,2,1,13/12/2024,22:42:00,Sanglier
71,13,1,1,14/12/2024,18:21:00,Lynx
72,13,1,1,14/12/2024,18:21:00,Lynx
73,13,1,1,14/12/2024,18:21:00,Lynx
74,13,2,1,14/12/2024,18:21:00,Lynx
75,13,2,1,14/12/2024,18:21:00,Lynx
76,13,2,1,14/12/2024,18:21:00,Lynx
77,10,1,1,15/12/2024,18:46:00,Lynx
78,10,2,1,15/12/2024,18:46:00,Lynx
79,11,1,1,15/12/2024,19:18:00,Lynx
80,11,2,1,15/12/2024,19:18:00,Lynx
81,2,1,1,16/12/2024,08:29:00,Chevreuil
82,2,2,1,16/12/2024,08:29:00,Chevreuil
83,8,1,1,18/12/2024,16:37:00,Lynx
84,8,2,1,18/12/2024,16:37:00,Lynx
85,22,1,1,20/12/2024,18:13:00,Lynx
86,22,1,1,20/12/2024,18:13:00,Lynx
87,22,2,1,20/12/2024,18:13:00,Lynx
88,22,2,1,20/12/2024,18:13:00,Lynx
89,8,1,1,22/12/2024,01:12:00,Sanglier
90,8,2,1,22/12/2024,01:12:00,Sanglier
91,10,1,1,22/12/2024,20:22:00,Lynx
92,10,2,1,22/12/2024,20:22:00,Lynx
93,24,1,1,23/12/2024,06:04:00,Cerf
94,24,2,1,23/12/2024,06:04:00,Cerf
95,4,1,1,25/12/2024,21:29:00,Blaireau
96,4,2,1,25/12/2024,21:29:00,Blaireau
97,23,1,1,26/12/2024,01:49:00,Cerf
98,23,2,1,26/12/2024,01:49:00,Cerf
99,8,1,1,28/12/2024,20:11:00,Blaireau
100,8,2,1,28/12/2024,20:11:00,Blaireau
101,11,1,1,28/12/2024,07:00:00,Lynx
102,11,2,1,28/12/2024,07:00:00,Lynx
103,18,1,1,28/12/2024,22:27:00,Fouine
104,18,2,1,28/12/2024,22:27:00,Fouine
105,11,1,1,30/12/2024,00:14:00,Renard
106,11,2,1,30/12/2024,00:14:00,Renard
107,18,1,1,31/12/2024,08:41:00,Lynx
108,18,1,1,31/12/2024,08:41:00,Lynx
109,18,1,1,31/12/2024,08:41:00,Lynx
110,18,1,1,31/12/2024,08:42:00,Lynx
111,18,2,1,31/12/2024,08:41:00,Lynx
112,18,2,1,31/12/2024,08:41:00,Lynx
113,18,2,1,31/12/2024,08:41:00,Lynx
114,18,2,1,31/12/2024,08:42:00,Lynx
115,15,1,1,03/01/2025,19:00:00,Lynx
116,15,2,1,03/01/2025,19:00:00,Lynx
117,4,1,1,04/01/2025,22:06:00,Lynx
118,4,2,1,04/01/2025,22:06:00,Lynx
119,8,1,1,04/01/2025,18:11:00,Lynx
120,8,2,1,04/01/2025,18:11:00,Lynx
121,10,1,1,04/01/2025,07:41:00,Lynx
122,10,2,1,04/01/2025,07:41:00,Lynx
123,20,1,1,06/01/2025,09:29:00,Chamois
124,20,2,1,06/01/2025,09:29:00,Chamois
125,4,1,1,07/01/2025,20:56:00,Lynx
126,4,2,1,07/01/2025,20:56:00,Lynx
127,7,1,1,07/01/2025,04:42:00,Lynx
128,7,2,1,07/01/2025,04:42:00,Lynx
129,8,1,1,07/01/2025,04:45:00,Lynx
130,8,2,1,07/01/2025,04:45:00,Lynx
131,10,1,1,07/01/2025,06:41:00,Lynx
132,10,2,1,07/01/2025,06:41:00,Lynx
133,13,1,1,07/01/2025,02:59:00,Lynx
134,13,2,1,07/01/2025,02:59:00,Lynx
135,3,1,1,11/01/2025,04:32:00,Blaireau
136,3,2,1,11/01/2025,04:32:00,Blaireau
137,11,1,1,12/01/2025,19:15:00,Sanglier
138,11,2,1,12/01/2025,19:15:00,Sanglier
139,13,1,1,13/01/2025,12:03:00,Lynx
140,13,2,1,13/01/2025,12:03:00,Lynx
141,16,1,1,14/01/2025,05:48:00,Lynx
142,16,1,1,14/01/2025,16:09:00,Lynx
143,16,2,1,14/01/2025,05:48:00,Lynx
144,16,2,1,14/01/2025,16:09:00,Lynx
145,20,1,1,14/01/2025,09:28:00,Lynx
146,20,2,1,14/01/2025,09:28:00,Lynx
147,3,1,1,18/01/2025,22:04:00,Blaireau
148,3,2,1,18/01/2025,22:04:00,Blaireau
149,19,1,1,18/01/2025,14:19:00,Lynx
150,19,1,1,18/01/2025,16:50:00,Lynx
151,19,2,1,18/01/2025,14:19:00,Lynx
152,19,2,1,18/01/2025,16:50:00,Lynx
153,10,1,1,19/01/2025,06:54:00,Lynx
154,10,1,1,19/01/2025,20:49:00,Lynx
155,10,1,1,19/01/2025,20:49:00,Lynx
156,10,2,1,19/01/2025,06:54:00,Lynx
157,10,2,1,19/01/2025,20:49:00,Lynx
158,10,2,1,19/01/2025,20:49:00,Lynx
159,11,1,1,19/01/2025,05:43:00,Lynx
160,11,2,1,19/01/2025,05:43:00,Lynx
161,12,1,1,19/01/2025,05:33:00,Lynx
162,12,2,1,19/01/2025,05:33:00,Lynx
163,11,1,1,20/01/2025,22:13:00,Sanglier
164,11,2,1,20/01/2025,22:13:00,Sanglier
165,13,1,1,20/01/2025,20:58:00,Blaireau
166,13,2,1,20/01/2025,20:58:00,Blaireau
167,8,1,1,21/01/2025,16:39:00,Lynx
168,8,1,1,21/01/2025,20:23:00,Blaireau
169,8,2,1,21/01/2025,16:39:00,Lynx
170,8,2,1,21/01/2025,20:23:00,Blaireau
171,9,1,1,21/01/2025,16:48:00,Lynx
172,9,2,1,21/01/2025,16:48:00,Lynx
173,13,1,1,21/01/2025,21:03:00,Blaireau
174,13,2,1,21/01/2025,21:03:00,Blaireau
175,8,1,1,23/01/2025,21:31:00,Blaireau
176,8,2,1,23/01/2025,21:31:00,Blaireau
177,10,1,1,23/01/2025,19:16:00,Lynx
178,10,2,1,23/01/2025,19:16:00,Lynx
179,11,1,1,23/01/2025,20:21:00,Lynx
180,11,2,1,23/01/2025,20:21:00,Lynx
181,11,1,1,25/01/2025,03:30:00,Blaireau
182,11,2,1,25/01/2025,03:30:00,Blaireau
183,13,1,1,26/01/2025,07:53:00,Lynx
184,13,2,1,26/01/2025,07:53:00,Lynx
185,17,1,1,26/01/2025,16:24:00,Lynx
186,17,2,1,26/01/2025,16:24:00,Lynx
187,4,1,1,27/01/2025,07:32:00,Lynx
188,4,2,1,27/01/2025,07:32:00,Lynx
189,8,1,1,27/01/2025,10:14:00,Chevreuil
190,8,2,1,27/01/2025,10:14:00,Chevreuil
191,13,1,1,27/01/2025,21:38:00,Blaireau
192,13,2,1,27/01/2025,21:38:00,Blaireau
193,1,1,1,28/01/2025,17:02:00,Lynx
194,1,2,1,28/01/2025,17:02:00,Lynx
195,1,1,1,29/01/2025,02:31:00,Loup
196,1,2,1,29/01/2025,02:31:00,Loup
197,8,1,1,30/01/2025,02:28:00,Sanglier
198,8,2,1,30/01/2025,02:28:00,Sanglier
199,11,1,1,30/01/2025,07:59:00,Chevreuil
200,11,1,1,30/01/2025,22:50:00,Blaireau
201,11,2,1,30/01/2025,07:59:00,Chevreuil
202,11,2,1,30/01/2025,22:50:00,Blaireau
203,14,1,1,31/01/2025,04:26:00,Blaireau
204,14,2,1,31/01/2025,04:26:00,Blaireau
205,1,1,1,01/02/2025,06:06:00,Blaireau
206,1,2,1,01/02/2025,06:06:00,Blaireau
207,11,1,1,01/02/2025,19:26:00,Blaireau
208,11,2,1,01/02/2025,19:26:00,Blaireau
209,13,1,1,01/02/2025,21:46:00,Blaireau
210,13,2,1,01/02/2025,21:46:00,Blaireau
211,5,1,1,03/02/2025,20:39:00,Chat
212,5,2,1,03/02/2025,20:39:00,Chat
213,8,1,1,03/02/2025,18:34:00,Lynx
214,8,2,1,03/02/2025,18:34:00,Lynx
215,11,1,1,03/02/2025,04:44:00,Lynx
216,11,2,1,03/02/2025,04:44:00,Lynx
217,16,1,1,03/02/2025,09:49:00,Blaireau
218,16,2,1,03/02/2025,09:49:00,Blaireau
219,16,1,1,05/02/2025,01:09:00,Fouine
220,16,2,1,05/02/2025,01:09:00,Fouine
221,15,1,1,06/02/2025,11:36:00,Lynx
222,15,2,1,06/02/2025,11:36:00,Lynx
223,16,1,1,06/02/2025,22:22:00,Lynx
224,16,2,1,06/02/2025,22:22:00,Lynx
225,13,1,1,08/02/2025,04:26:00,Blaireau
226,13,2,1,08/02/2025,04:26:00,Blaireau
227,22,1,1,08/02/2025,21:51:00,Lynx
228,22,1,1,08/02/2025,21:51:00,Lynx
229,22,2,1,08/02/2025,21:51:00,Lynx
230,22,2,1,08/02/2025,21:51:00,Lynx
231,10,1,1,09/02/2025,17:13:00,Lynx
232,10,2,1,09/02/2025,17:13:00,Lynx
233,11,1,1,09/02/2025,02:51:00,Lynx
234,11,2,1,09/02/2025,02:51:00,Lynx
235,13,1,1,09/02/2025,16:49:00,Lynx
236,13,2,1,09/02/2025,16:49:00,Lynx
237,5,1,1,10/02/2025,19:57:00,Lynx
238,5,2,1,10/02/2025,19:57:00,Lynx
239,8,1,1,10/02/2025,02:58:00,Lynx
240,8,1,1,10/02/2025,02:58:00,Lynx
241,8,2,1,10/02/2025,02:58:00,Lynx
242,8,2,1,10/02/2025,02:58:00,Lynx
243,15,1,1,10/02/2025,05:06:00,Blaireau
244,15,2,1,10/02/2025,05:06:00,Blaireau
245,4,1,1,11/02/2025,22:29:00,Martre
246,4,2,1,11/02/2025,22:29:00,Martre
247,15,1,1,11/02/2025,21:06:00,Blaireau
248,15,2,1,11/02/2025,21:06:00,Blaireau
249,11,1,1,12/02/2025,04:42:00,Blaireau
250,11,2,1,12/02/2025,04:42:00,Blaireau
251,14,1,1,12/02/2025,03:11:00,Cerf
252,14,2,1,12/02/2025,03:11:00,Cerf
253,1,1,1,14/02/2025,06:51:00,Lynx
254,1,2,1,14/02/2025,06:51:00,Lynx
255,4,1,1,14/02/2025,22:49:00,Lynx
256,4,1,1,14/02/2025,22:55:00,Lynx
257,4,2,1,14/02/2025,22:49:00,Lynx
258,4,2,1,14/02/2025,22:55:00,Lynx
259,13,1,1,14/02/2025,20:17:00,Blaireau
260,13,2,1,14/02/2025,20:17:00,Blaireau
261,1,1,2,15/02/2025,04:48:00,Lynx
262,1,2,2,15/02/2025,04:48:00,Lynx
263,7,1,2,15/02/2025,17:29:00,Lynx
264,7,2,2,15/02/2025,17:29:00,Lynx
265,8,1,2,15/02/2025,17:22:00,Lynx
266,8,2,2,15/02/2025,17:22:00,Lynx
267,9,1,2,15/02/2025,17:36:00,Lynx
268,9,2,2,15/02/2025,17:36:00,Lynx
269,15,1,2,15/02/2025,21:44:00,Blaireau
270,15,2,2,15/02/2025,21:44:00,Blaireau
271,22,1,2,15/02/2025,18:03:00,Lynx
272,22,2,2,15/02/2025,18:03:00,Lynx
273,19,1,2,16/02/2025,16:25:00,Lynx
274,19,2,2,16/02/2025,16:25:00,Lynx
275,1,1,2,17/02/2025,01:40:00,Lynx
276,1,2,2,17/02/2025,01:40:00,Lynx
277,2,1,2,17/02/2025,01:35:00,Lynx
278,2,2,2,17/02/2025,01:35:00,Lynx
279,3,1,2,17/02/2025,02:17:00,Lynx
280,3,2,2,17/02/2025,02:17:00,Lynx
281,11,1,2,17/02/2025,19:21:00,Blaireau
282,11,2,2,17/02/2025,19:21:00,Blaireau
283,7,1,2,18/02/2025,22:12:00,Lynx
284,7,2,2,18/02/2025,22:12:00,Lynx
285,11,1,2,18/02/2025,20:35:00,Lynx
286,11,2,2,18/02/2025,20:35:00,Lynx
287,15,1,2,20/02/2025,20:02:00,Blaireau
288,15,2,2,20/02/2025,20:02:00,Blaireau
289,4,1,2,21/02/2025,20:45:00,Blaireau
290,4,2,2,21/02/2025,20:45:00,Blaireau
291,22,1,2,21/02/2025,00:27 / 01:41,Lynx
292,22,2,2,21/02/2025,00:27 / 01:41,Lynx
293,2,1,2,22/02/2025,20:00:00,Sanglier
294,2,2,2,22/02/2025,20:00:00,Sanglier
295,5,1,2,23/02/2025,16:53:00,Lynx
296,5,2,2,23/02/2025,16:53:00,Lynx
297,8,1,2,23/02/2025,19:50:00,Lynx
298,8,2,2,23/02/2025,19:50:00,Lynx
299,10,1,2,23/02/2025,08:24:00,Ecureuil
300,10,2,2,23/02/2025,08:24:00,Ecureuil
301,11,1,2,23/02/2025,19:39:00,Blaireau
302,11,2,2,23/02/2025,19:39:00,Blaireau
303,13,1,2,23/02/2025,07:37:00,Blaireau
304,13,2,2,23/02/2025,07:37:00,Blaireau
305,11,1,2,24/02/2025,01:18:00,Lynx
306,11,2,2,24/02/2025,01:18:00,Lynx
307,15,1,2,24/02/2025,00:26:00,Blaireau
308,15,2,2,24/02/2025,00:26:00,Blaireau
309,8,1,2,25/02/2025,20:00:00,Lynx
310,8,2,2,25/02/2025,20:00:00,Lynx
311,9,1,2,25/02/2025,18:16:00,Lynx
312,9,2,2,25/02/2025,18:16:00,Lynx
313,22,1,2,25/02/2025,06:20:00,Lynx
314,22,1,2,25/02/2025,06:22:00,Lynx
315,22,1,2,25/02/2025,06:32:00,Lynx
316,22,2,2,25/02/2025,06:20:00,Lynx
317,22,2,2,25/02/2025,06:22:00,Lynx
318,22,2,2,25/02/2025,06:32:00,Lynx
319,11,1,2,26/02/2025,23:47:00,Lynx
320,11,2,2,26/02/2025,23:47:00,Lynx
321,12,1,2,26/02/2025,23:32:00,Lynx
322,12,2,2,26/02/2025,23:32:00,Lynx
323,16,1,2,26/02/2025,20:49:00,Blaireau
324,16,2,2,26/02/2025,20:49:00,Blaireau
325,22,1,2,26/02/2025,17:44:00,Lynx
326,22,2,2,26/02/2025,17:44:00,Lynx
327,24,1,2,26/02/2025,14:07:00,Lynx
328,24,2,2,26/02/2025,14:07:00,Lynx
329,1,1,2,27/02/2025,21:22:00,Lynx
330,1,2,2,27/02/2025,21:22:00,Lynx
331,10,1,2,27/02/2025,00:34:00,Lynx
332,10,1,2,27/02/2025,06:45:00,Lynx
333,10,2,2,27/02/2025,00:34:00,Lynx
334,10,2,2,27/02/2025,06:45:00,Lynx
335,11,1,2,27/02/2025,01:46:00,Blaireau
336,11,1,2,27/02/2025,07:03:00,Lynx
337,11,1,2,27/02/2025,17:12:00,Lynx
338,11,2,2,27/02/2025,01:46:00,Blaireau
339,11,2,2,27/02/2025,07:03:00,Lynx
340,11,2,2,27/02/2025,17:12:00,Lynx
341,22,1,2,27/02/2025,23:11:00,Lynx
342,22,2,2,27/02/2025,23:11:00,Lynx
343,24,1,2,27/02/2025,21:41:00,Lynx
344,24,2,2,27/02/2025,21:41:00,Lynx
345,13,1,2,01/03/2025,06:09:00,Lynx
346,13,2,2,01/03/2025,06:09:00,Lynx
347,12,1,2,02/03/2025,03:08:00,Chevreuil
348,12,2,2,02/03/2025,03:08:00,Chevreuil
349,24,1,2,02/03/2025,16:59:00,Lynx
350,24,2,2,02/03/2025,16:59:00,Lynx
351,16,1,2,03/03/2025,06:23:00,Lynx
352,16,2,2,03/03/2025,06:23:00,Lynx
353,22,1,2,03/03/2025,02:42:00,Lynx
354,22,2,2,03/03/2025,02:42:00,Lynx
355,11,1,2,04/03/2025,05:54:00,Sanglier
356,11,2,2,04/03/2025,05:54:00,Sanglier
357,10,1,2,05/03/2025,17:38:00,Lynx
358,10,2,2,05/03/2025,17:38:00,Lynx
359,22,1,2,05/03/2025,19:57:00,Lynx
360,22,2,2,05/03/2025,19:57:00,Lynx
361,13,1,2,06/03/2025,11:22:00,Chamois
362,13,2,2,06/03/2025,11:22:00,Chamois
363,13,1,2,07/03/2025,03:39:00,Lynx
364,13,2,2,07/03/2025,03:39:00,Lynx
365,22,1,2,07/03/2025,01:55:00,Lynx
366,22,2,2,07/03/2025,01:55:00,Lynx
367,11,1,2,08/03/2025,06:10:00,Blaireau
368,11,2,2,08/03/2025,06:10:00,Blaireau
369,15,1,2,08/03/2025,22:53:00,Sanglier
370,15,2,2,08/03/2025,22:53:00,Sanglier
371,15,1,2,09/03/2025,22:17:00,Blaireau
372,15,2,2,09/03/2025,22:17:00,Blaireau
373,1,1,2,10/03/2025,21:21:00,Lynx
374,1,2,2,10/03/2025,21:21:00,Lynx
375,2,1,2,10/03/2025,21:16:00,Lynx
376,2,2,2,10/03/2025,21:16:00,Lynx
377,13,1,2,13/03/2025,15:36:00,Lynx
378,13,2,2,13/03/2025,15:36:00,Lynx
379,22,1,2,13/03/2025,00:42:00,Lynx
380,22,2,2,13/03/2025,00:42:00,Lynx
381,11,1,2,14/03/2025,02:29:00,Blaireau
382,11,2,2,14/03/2025,02:29:00,Blaireau
383,15,1,2,15/03/2025,20:59:00,Blaireau
384,15,2,2,15/03/2025,20:59:00,Blaireau
385,16,1,2,15/03/2025,16:47:00,Lynx
386,16,2,2,15/03/2025,16:47:00,Lynx
387,18,1,2,15/03/2025,16:42:00,Lynx
388,18,2,2,15/03/2025,16:42:00,Lynx
389,19,1,2,15/03/2025,02:14:00,Blaireau
390,19,2,2,15/03/2025,02:14:00,Blaireau
391,3,1,2,17/03/2025,06:50:00,Lynx
392,3,2,2,17/03/2025,06:50:00,Lynx
393,11,1,2,17/03/2025,20:04:00,Blaireau
394,11,1,2,17/03/2025,20:25:00,Blaireau
395,11,2,2,17/03/2025,20:04:00,Blaireau
396,11,2,2,17/03/2025,20:25:00,Blaireau
397,16,1,2,17/03/2025,22:17:00,Lynx
398,16,2,2,17/03/2025,22:17:00,Lynx
399,7,1,2,18/03/2025,17:54:00,Chevreuil
400,7,1,2,18/03/2025,21:01:00,Lynx
401,7,2,2,18/03/2025,17:54:00,Chevreuil
402,7,2,2,18/03/2025,21:01:00,Lynx
403,8,1,2,18/03/2025,21:04:00,Lynx
404,8,2,2,18/03/2025,21:04:00,Lynx
405,9,1,2,18/03/2025,20:25:00,Lynx
406,9,2,2,18/03/2025,20:25:00,Lynx
407,13,1,2,18/03/2025,20:15:00,Lynx
408,13,2,2,18/03/2025,20:15:00,Lynx
409,22,1,2,18/03/2025,01:04:00,Lynx
410,22,2,2,18/03/2025,01:04:00,Lynx
411,24,1,2,18/03/2025,18:11:00,Lynx
412,24,2,2,18/03/2025,18:11:00,Lynx
413,11,1,2,19/03/2025,17:05:00,Chevreuil
414,11,2,2,19/03/2025,17:05:00,Chevreuil
415,23,1,2,21/03/2025,02:22:00,Blaireau
416,23,2,2,21/03/2025,02:22:00,Blaireau
417,9,1,2,22/03/2025,16:52:00,Chevreuil
418,9,1,2,22/03/2025,16:54:00,Chevreuil
419,9,2,2,22/03/2025,16:52:00,Chevreuil
420,9,2,2,22/03/2025,16:54:00,Chevreuil
421,23,1,2,23/03/2025,19:19:00,Chevreuil
422,23,2,2,23/03/2025,19:19:00,Chevreuil
423,5,1,2,24/03/2025,11:15:00,Chevreuil
424,5,2,2,24/03/2025,11:15:00,Chevreuil
425,15,1,2,24/03/2025,02:58:00,Blaireau
426,15,1,2,24/03/2025,03:28:00,Sanglier
427,15,2,2,24/03/2025,02:58:00,Blaireau
428,15,2,2,24/03/2025,03:28:00,Sanglier
429,18,1,2,24/03/2025,20:47:00,Blaireau
430,18,2,2,24/03/2025,20:47:00,Blaireau
431,18,1,2,25/03/2025,00:48:00,Martre
432,18,2,2,25/03/2025,00:48:00,Martre
433,22,1,2,25/03/2025,23:51:00,Blaireau
434,22,2,2,25/03/2025,23:51:00,Blaireau
435,2,1,2,26/03/2025,23:03:00,Chamois
436,2,2,2,26/03/2025,23:03:00,Chamois
437,12,1,2,26/03/2025,22:24:00,Lynx
438,12,2,2,26/03/2025,22:24:00,Lynx
439,23,1,2,26/03/2025,08:58:00,Chevreuil
440,23,2,2,26/03/2025,08:58:00,Chevreuil
441,5,1,2,27/03/2025,18:23:00,Chat
442,5,2,2,27/03/2025,18:23:00,Chat
443,22,1,2,27/03/2025,00:07:00,Lynx
444,22,2,2,27/03/2025,00:07:00,Lynx
445,7,1,2,28/03/2025,18:28:00,Chamois
446,7,2,2,28/03/2025,18:28:00,Chamois
447,12,1,2,28/03/2025,22:44:00,Chevreuil
448,12,2,2,28/03/2025,22:44:00,Chevreuil
449,23,1,2,28/03/2025,17:39:00,Chevreuil
450,23,2,2,28/03/2025,17:39:00,Chevreuil
451,12,1,2,29/03/2025,08:33:00,Chevreuil
452,12,2,2,29/03/2025,08:33:00,Chevreuil
453,13,1,2,29/03/2025,13:51:00,Lynx
454,13,2,2,29/03/2025,13:51:00,Lynx
455,15,1,2,29/03/2025,22:21:00,Blaireau
456,15,2,2,29/03/2025,22:21:00,Blaireau
457,11,1,2,31/03/2025,07:09:00,Sanglier
458,11,2,2,31/03/2025,07:09:00,Sanglier
459,20,1,2,31/03/2025,03:56:00,Chamois
460,20,2,2,31/03/2025,03:56:00,Chamois
461,23,1,2,31/03/2025,03:16:00,Sanglier
462,23,2,2,31/03/2025,03:16:00,Sanglier
463,2,1,2,01/04/2025,07:50:00,Chamois
464,2,2,2,01/04/2025,07:50:00,Chamois
465,3,1,2,01/04/2025,00:23:00,Cerf
466,3,2,2,01/04/2025,00:23:00,Cerf
467,11,1,2,01/04/2025,16:00:00,Chevreuil
468,11,2,2,01/04/2025,16:00:00,Chevreuil
469,18,1,2,01/04/2025,06:39:00,Chamois
470,18,2,2,01/04/2025,06:39:00,Chamois
471,19,1,2,01/04/2025,07:42:00,Lynx
472,19,2,2,01/04/2025,07:42:00,Lynx
473,18,1,2,02/04/2025,02:23:00,Blaireau
474,18,1,2,02/04/2025,20:13:00,Martre
475,18,2,2,02/04/2025,02:23:00,Blaireau
476,18,2,2,02/04/2025,20:13:00,Martre
477,7,1,2,03/04/2025,14:15:00,Chamois
478,7,2,2,03/04/2025,14:15:00,Chamois
479,7,1,2,04/04/2025,17:46:00,Chevreuil
480,7,2,2,04/04/2025,17:46:00,Chevreuil
481,11,1,2,04/04/2025,07:17:00,Chevreuil
482,11,2,2,04/04/2025,07:17:00,Chevreuil
483,18,1,2,04/04/2025,06:08:00,Chevreuil
484,18,2,2,04/04/2025,06:08:00,Chevreuil
485,15,1,2,06/04/2025,23:25:00,Blaireau
486,15,2,2,06/04/2025,23:25:00,Blaireau
487,4,1,2,07/04/2025,22:31:00,Lynx
488,4,2,2,07/04/2025,22:31:00,Lynx
489,11,1,2,07/04/2025,22:10:00,Blaireau
490,11,2,2,07/04/2025,22:10:00,Blaireau
491,11,1,2,08/04/2025,18:42:00,Chevreuil
492,11,2,2,08/04/2025,18:42:00,Chevreuil
493,20,1,2,09/04/2025,03:21:00,Sanglier
494,20,2,2,09/04/2025,03:21:00,Sanglier
495,24,1,2,12/04/2025,21:34:00,Cerf
496,24,2,2,12/04/2025,21:34:00,Cerf
497,15,1,2,13/04/2025,04:05:00,Blaireau
498,15,2,2,13/04/2025,04:05:00,Blaireau
499,1,1,3,15/04/2025,22:58:00,Sanglier
500,1,2,3,15/04/2025,22:58:00,Sanglier
501,5,1,3,15/04/2025,18:03:00,Chat
502,5,2,3,15/04/2025,18:03:00,Chat
503,15,1,3,15/04/2025,18:52:00,Lynx
504,15,2,3,15/04/2025,18:52:00,Lynx
505,13,1,3,16/04/2025,15:37:00,Lynx
506,13,2,3,16/04/2025,15:37:00,Lynx
507,15,1,3,16/04/2025,03:36:00,Blaireau
508,15,2,3,16/04/2025,03:36:00,Blaireau
509,11,1,3,17/04/2025,21:22:00,Blaireau
510,11,2,3,17/04/2025,21:22:00,Blaireau
511,17,1,3,18/04/2025,06:32:00,Cerf
512,17,2,3,18/04/2025,06:32:00,Cerf
513,21,1,3,18/04/2025,16:49:00,Chamois
514,21,2,3,18/04/2025,16:49:00,Chamois
515,5,1,3,19/04/2025,10:02:00,Chevreuil
516,5,2,3,19/04/2025,10:02:00,Chevreuil
517,18,1,3,19/04/2025,17:49:00,Lynx
518,18,2,3,19/04/2025,17:49:00,Lynx
519,8,1,3,22/04/2025,07:32:00,Chamois
520,8,2,3,22/04/2025,07:32:00,Chamois
521,8,1,3,23/04/2025,09:23:00,Chevreuil
522,8,2,3,23/04/2025,09:23:00,Chevreuil
523,8,1,3,24/04/2025,01:04:00,Fouine
524,8,2,3,24/04/2025,01:04:00,Fouine
525,13,1,3,24/04/2025,12:50:00,Martes sp.
526,13,2,3,24/04/2025,12:50:00,Martes sp.
527,24,1,3,24/04/2025,20:35:00,Cerf
528,24,2,3,24/04/2025,20:35:00,Cerf
529,8,1,3,25/04/2025,06:19:00,Chamois
530,8,2,3,25/04/2025,06:19:00,Chamois
531,9,1,3,25/04/2025,19:50:00,Chevreuil
532,9,2,3,25/04/2025,19:50:00,Chevreuil
533,10,1,3,25/04/2025,03:47 � 04:39,Lynx
534,10,2,3,25/04/2025,03:47 � 04:39,Lynx
535,23,1,3,26/04/2025,06:41:00,Chevreuil
536,23,2,3,26/04/2025,06:41:00,Chevreuil
537,15,1,3,27/04/2025,01:39:00,Blaireau
538,15,2,3,27/04/2025,01:39:00,Blaireau
539,22,1,3,27/04/2025,02:59:00,Martes sp.
540,22,2,3,27/04/2025,02:59:00,Martes sp.
541,22,1,3,28/04/2025,07:25:00,Chevreuil
542,22,2,3,28/04/2025,07:25:00,Chevreuil
543,24,1,3,28/04/2025,21:26:00,Lynx
544,24,2,3,28/04/2025,21:26:00,Lynx
545,18,1,3,29/04/2025,19:56:00,Chevreuil
546,18,2,3,29/04/2025,19:56:00,Chevreuil
547,9,1,3,30/04/2025,06:40:00,Chevreuil
548,9,2,3,30/04/2025,06:40:00,Chevreuil
549,20,1,3,30/04/2025,20:30:00,Chevreuil
550,20,2,3,30/04/2025,20:30:00,Chevreuil
551,8,1,3,01/05/2025,17:09:00,Chamois
552,8,2,3,01/05/2025,17:09:00,Chamois
553,1,1,3,02/05/2025,07:42:00,Lynx
554,1,2,3,02/05/2025,07:42:00,Lynx
555,4,1,3,04/05/2025,07:10:00,Lynx
556,4,2,3,04/05/2025,07:10:00,Lynx
557,13,1,3,04/05/2025,20:41:00,Lynx
558,13,2,3,04/05/2025,20:41:00,Lynx
559,7,1,3,06/05/2025,09:08:00,Chevreuil
560,7,2,3,06/05/2025,09:08:00,Chevreuil
561,10,1,3,06/05/2025,20:24:00,Lynx
562,10,2,3,06/05/2025,20:24:00,Lynx
563,15,1,3,06/05/2025,02:19:00,Blaireau
564,15,2,3,06/05/2025,02:19:00,Blaireau
565,21,1,3,06/05/2025,18:59:00,Lynx
566,21,2,3,06/05/2025,18:59:00,Lynx
567,19,1,3,08/05/2025,03:37:00,Lynx
568,19,2,3,08/05/2025,03:37:00,Lynx
569,17,1,3,09/05/2025,23:42:00,Martre
570,17,2,3,09/05/2025,23:42:00,Martre
571,18,1,3,09/05/2025,19:38:00,Chevreuil
572,18,2,3,09/05/2025,19:38:00,Chevreuil
573,4,1,3,10/05/2025,11:54:00,Chamois
574,4,2,3,10/05/2025,11:54:00,Chamois
575,11,1,3,10/05/2025,11:28:00,Chamois
576,11,2,3,10/05/2025,11:28:00,Chamois
577,16,1,3,10/05/2025,06:39:00,Lynx
578,16,2,3,10/05/2025,06:39:00,Lynx
579,8,1,3,12/05/2025,05:20:00,Chamois
580,8,2,3,12/05/2025,05:20:00,Chamois
581,11,1,3,12/05/2025,13:24:00,Chamois
582,11,2,3,12/05/2025,13:24:00,Chamois
583,3,1,3,13/05/2025,03:20:00,Lynx
584,3,2,3,13/05/2025,03:20:00,Lynx
585,8,1,3,13/05/2025,22:31:00,Fouine
586,8,2,3,13/05/2025,22:31:00,Fouine
587,15,1,3,13/05/2025,22:06:00,Blaireau
588,15,2,3,13/05/2025,22:06:00,Blaireau
589,17,1,3,13/05/2025,13:40:00,Chamois
590,17,2,3,13/05/2025,13:40:00,Chamois
591,18,1,3,13/05/2025,08:18:00,Chamois
592,18,2,3,13/05/2025,08:18:00,Chamois
593,8,1,3,17/05/2025,21:24:00,Chevreuil
594,8,2,3,17/05/2025,21:24:00,Chevreuil
595,9,1,3,17/05/2025,07:35:00,Chevreuil
596,9,2,3,17/05/2025,07:35:00,Chevreuil
597,4,1,3,18/05/2025,10:11:00,Lynx
598,4,1,3,18/05/2025,22:15:00,Lynx
599,4,2,3,18/05/2025,10:11:00,Lynx
600,4,2,3,18/05/2025,22:15:00,Lynx
601,22,1,3,18/05/2025,11:07:00,Lynx
602,22,2,3,18/05/2025,11:07:00,Lynx
603,4,1,3,19/05/2025,03:12:00,Fouine
604,4,2,3,19/05/2025,03:12:00,Fouine
605,7,1,3,19/05/2025,13:19:00,Chevreuil
606,7,2,3,19/05/2025,13:19:00,Chevreuil
607,4,1,3,20/05/2025,07:58:00,Lynx
608,4,2,3,20/05/2025,07:58:00,Lynx
609,8,1,3,21/05/2025,00:01:00,Martre
610,8,2,3,21/05/2025,00:01:00,Martre
611,16,1,3,21/05/2025,19:15:00,Martre
612,16,2,3,21/05/2025,19:15:00,Martre
613,19,1,3,21/05/2025,13:21:00,Chamois
614,19,2,3,21/05/2025,13:21:00,Chamois
615,23,1,3,21/05/2025,20:21:00,Chevreuil
616,23,2,3,21/05/2025,20:21:00,Chevreuil
617,8,1,3,22/05/2025,02:48:00,Fouine
618,8,2,3,22/05/2025,02:48:00,Fouine
619,19,1,3,22/05/2025,19:25:00,Chamois
620,19,2,3,22/05/2025,19:25:00,Chamois
621,22,1,3,22/05/2025,04:20:00,Martre
622,22,2,3,22/05/2025,04:20:00,Martre
623,1,1,3,23/05/2025,02:05:00,Sanglier
624,1,1,3,23/05/2025,02:44:00,Sanglier
625,1,2,3,23/05/2025,02:05:00,Sanglier
626,1,2,3,23/05/2025,02:44:00,Sanglier
627,8,1,3,23/05/2025,02:13:00,Fouine
628,8,2,3,23/05/2025,02:13:00,Fouine
629,24,1,3,23/05/2025,06:44:00,Sanglier
630,24,1,3,23/05/2025,16:02:00,Lynx
631,24,2,3,23/05/2025,06:44:00,Sanglier
632,24,2,3,23/05/2025,16:02:00,Lynx
633,1,1,3,25/05/2025,21:49:00,Lynx
634,1,2,3,25/05/2025,21:49:00,Lynx
635,4,1,3,25/05/2025,07:35:00,Chamois
636,4,2,3,25/05/2025,07:35:00,Chamois
637,16,1,3,25/05/2025,12:39:00,Chamois
638,16,2,3,25/05/2025,12:39:00,Chamois
639,4,1,3,28/05/2025,02:44:00,Fouine
640,4,2,3,28/05/2025,02:44:00,Fouine
641,11,1,3,29/05/2025,04:41:00,Lynx
642,11,2,3,29/05/2025,04:41:00,Lynx
643,21,1,3,29/05/2025,08:33:00,Chamois
644,21,2,3,29/05/2025,08:33:00,Chamois
645,16,1,3,31/05/2025,10:24:00,Chamois
646,16,2,3,31/05/2025,10:24:00,Chamois
647,8,1,3,02/06/2025,23:29:00,Fouine
648,8,2,3,02/06/2025,23:29:00,Fouine
649,13,1,3,02/06/2025,04:36:00,Lynx
650,13,2,3,02/06/2025,04:36:00,Lynx
651,23,1,3,02/06/2025,06:05:00,Chevreuil
652,23,2,3,02/06/2025,06:05:00,Chevreuil
653,23,1,3,03/06/2025,05:43:00,Sanglier
654,23,2,3,03/06/2025,05:43:00,Sanglier
655,7,1,3,04/06/2025,10:39:00,Chevreuil
656,7,2,3,04/06/2025,10:39:00,Chevreuil
657,4,1,3,05/06/2025,06:10:00,Lynx
658,4,2,3,05/06/2025,06:10:00,Lynx
659,17,1,3,05/06/2025,10:38:00,Cerf
660,17,2,3,05/06/2025,10:38:00,Cerf
661,12,1,3,06/06/2025,09:14:00,Chevreuil
662,12,2,3,06/06/2025,09:14:00,Chevreuil
663,5,1,3,07/06/2025,03:30:00,Martes sp.
664,5,2,3,07/06/2025,03:30:00,Martes sp.
665,7,1,3,07/06/2025,15:09:00,Chamois
666,7,2,3,07/06/2025,15:09:00,Chamois
667,16,1,3,07/06/2025,02:00:00,Martre
668,16,1,3,07/06/2025,21:07:00,Martre
669,16,2,3,07/06/2025,02:00:00,Martre
670,16,2,3,07/06/2025,21:07:00,Martre
671,8,1,3,09/06/2025,07:05:00,Chamois
672,8,2,3,09/06/2025,07:05:00,Chamois
673,19,1,3,09/06/2025,06:59:00,Chamois
674,19,2,3,09/06/2025,06:59:00,Chamois
675,17,1,3,10/06/2025,07:18:00,Chamois
676,17,2,3,10/06/2025,07:18:00,Chamois
677,19,1,3,10/06/2025,20:03:00,Chamois
678,19,2,3,10/06/2025,20:03:00,Chamois
679,8,1,3,12/06/2025,04:54:00,Fouine
680,8,2,3,12/06/2025,04:54:00,Fouine
681,9,1,3,12/06/2025,05:06:00,Fouine
682,9,2,3,12/06/2025,05:06:00,Fouine
683,18,1,3,14/06/2025,06:02:00,Chamois
684,18,1,3,14/06/2025,20:07:00,Chamois
685,18,2,3,14/06/2025,06:02:00,Chamois
686,18,2,3,14/06/2025,20:07:00,Chamois
687,8,1,3,17/06/2025,12:26:00,Chamois
688,8,2,3,17/06/2025,12:26:00,Chamois
689,22,1,3,17/06/2025,01:02:00,Chat
690,22,2,3,17/06/2025,01:02:00,Chat
691,2,1,3,18/06/2025,21:02:00,Lynx
692,2,2,3,18/06/2025,21:02:00,Lynx
693,8,1,3,18/06/2025,02:29:00,Fouine
694,8,2,3,18/06/2025,02:29:00,Fouine
695,19,1,3,18/06/2025,08:16:00,Chamois
696,19,2,3,18/06/2025,08:16:00,Chamois
697,21,1,3,18/06/2025,12:02:00,Chamois
698,21,1,3,18/06/2025,13:25:00,Chamois
699,21,2,3,18/06/2025,12:02:00,Chamois
700,21,2,3,18/06/2025,13:25:00,Chamois
701,1,1,3,19/06/2025,21:33:00,Lynx
702,1,2,3,19/06/2025,21:33:00,Lynx
703,2,1,3,19/06/2025,21:40:00,Lynx
704,2,2,3,19/06/2025,21:40:00,Lynx
705,16,1,3,19/06/2025,13:52:00,Chamois
706,16,2,3,19/06/2025,13:52:00,Chamois
707,19,1,3,19/06/2025,17:14:00,Chamois
708,19,2,3,19/06/2025,17:14:00,Chamois
709,1,1,3,20/06/2025,23:06:00,Lynx
710,1,2,3,20/06/2025,23:06:00,Lynx
711,2,1,3,20/06/2025,20:15:00,Chamois
712,2,1,3,20/06/2025,23:12:00,Lynx
713,2,2,3,20/06/2025,20:15:00,Chamois
714,2,2,3,20/06/2025,23:12:00,Lynx
715,20,1,3,20/06/2025,21:44:00,Chamois
716,20,2,3,20/06/2025,21:44:00,Chamois
717,8,1,3,21/06/2025,06:44:00,Chamois
718,8,2,3,21/06/2025,06:44:00,Chamois
719,9,1,3,21/06/2025,10:23:00,Chamois
720,9,2,3,21/06/2025,10:23:00,Chamois
721,20,1,3,21/06/2025,16:07:00,Chamois
722,20,2,3,21/06/2025,16:07:00,Chamois
723,21,1,3,21/06/2025,07:28:00,Chamois
724,21,2,3,21/06/2025,07:28:00,Chamois
725,4,1,3,23/06/2025,07:34:00,Lynx
726,4,2,3,23/06/2025,07:34:00,Lynx
727,9,1,3,24/06/2025,15:47:00,Lynx
728,9,2,3,24/06/2025,15:47:00,Lynx
729,13,1,3,24/06/2025,06:41:00,Chamois
730,13,2,3,24/06/2025,06:41:00,Chamois
731,13,1,3,25/06/2025,05:52:00,Chamois
732,13,2,3,25/06/2025,05:52:00,Chamois
733,19,1,3,25/06/2025,18:44:00,Lynx
734,19,2,3,25/06/2025,18:44:00,Lynx
735,14,1,3,26/06/2025,15:51:00,Chamois
736,14,2,3,26/06/2025,15:51:00,Chamois
737,1,1,3,27/06/2025,07:42:00,Lynx
738,1,2,3,27/06/2025,07:42:00,Lynx
739,12,1,3,27/06/2025,08:55:00,Chevreuil
740,12,2,3,27/06/2025,08:55:00,Chevreuil
