microsite,Date de pose,Date de relève,Nombre de nuits sans dysfonctionnement,Nombre de nuits (de 12h00 à 12h00 jour suivant) avec dysfonctionnement,Nature du dysfonctionnement,période,Période KO,Pourcentage dysfonctionnement
1,6/11/2024,7/12/2024,20,11,BAT,31,Les 11 derniers jours,"35,4838709677419"
1,7/12/2024,5/1/2025,29,0,,29,,0
1,5/1/2025,8/2/2025,34,0,,34,,0
1,8/2/2025,14/2/2025,6,0,,6,,0
1,15/2/2025,9/3/2025,22,0,,22,,0
1,9/3/2025,12/4/2025,17,17,BAT,34,Les 17 derniers jours,50
1,12/4/2025,20/4/2025,8,0,,8,,0
1,20/4/2025,16/5/2025,26,0,,26,,0
1,16/5/2025,19/6/2025,20,14,BAT,34,Les 14 derniers jours,"41,1764705882353"
1,19/6/2025,27/6/2025,8,0,,8,,0
2,6/11/2024,7/12/2024,31,0,,31,,0
2,7/12/2024,5/1/2025,29,0,,29,,0
2,5/1/2025,8/2/2025,34,0,,34,,0
2,8/2/2025,14/2/2025,6,0,,6,,0
2,15/2/2025,9/3/2025,22,0,,22,,0
2,9/3/2025,12/4/2025,33,1,DYS,34,Le dernier jour,"2,94117647058824"
2,12/4/2025,14/4/2025,0,2,DYS,2,Les 33 derniers jours,100
2,15/4/2025,16/5/2025,0,31,DYS,31,Les 33 derniers jours,100
2,16/5/2025,19/6/2025,34,0,,34,,0
2,19/6/2025,27/6/2025,8,0,,8,,0
3,6/11/2024,7/12/2024,31,0,,31,,0
3,7/12/2024,5/1/2025,29,0,,29,,0
3,5/1/2025,8/2/2025,34,0,,34,,0
3,8/2/2025,14/2/2025,6,0,,6,,0
3,15/2/2025,9/3/2025,22,0,,22,,0
3,9/3/2025,12/4/2025,34,0,,34,,0
3,12/4/2025,14/4/2025,2,0,,2,,0
3,15/4/2025,16/5/2025,31,0,,31,,0
3,16/5/2025,19/6/2025,34,0,,34,,0
3,19/6/2025,27/6/2025,8,0,,8,,0
4,6/11/2024,29/11/2024,23,0,,23,,0
4,29/11/2024,5/1/2025,37,0,,37,,0
4,5/1/2025,1/2/2025,22,5,BAT,27,Les 5 derniers jours,"18,5185185185185"
4,1/2/2025,14/2/2025,13,0,,13,,0
4,15/2/2025,26/2/2025,11,0,,11,,0
4,26/2/2025,6/4/2025,6,33,BAT,39,Les 33 derniers jours,"84,6153846153846"
4,6/4/2025,14/4/2025,8,0,,8,,0
4,15/4/2025,3/5/2025,18,0,,18,,0
4,3/5/2025,14/6/2025,42,0,,42,,0
4,14/6/2025,27/6/2025,13,0,,13,,0
5,6/11/2024,29/11/2024,23,0,,23,,0
5,29/11/2024,5/1/2025,37,0,,37,,0
5,5/1/2025,1/2/2025,27,0,,27,,0
5,1/2/2025,14/2/2025,13,0,,13,,0
5,15/2/2025,26/2/2025,11,0,,11,,0
5,26/2/2025,6/4/2025,39,0,,39,,0
5,6/4/2025,14/4/2025,8,0,,8,,0
5,15/4/2025,3/5/2025,18,0,,18,,0
5,3/5/2025,14/6/2025,42,0,,42,,0
5,14/6/2025,27/6/2025,13,0,,13,,0
6,6/11/2024,29/11/2024,23,0,,23,,0
6,29/11/2024,5/1/2025,37,0,,37,,0
6,5/1/2025,1/2/2025,27,0,,27,,0
6,1/2/2025,14/2/2025,13,0,,13,,0
6,15/2/2025,26/2/2025,11,0,,11,,0
6,26/2/2025,6/4/2025,39,0,,39,,0
6,6/4/2025,14/4/2025,8,0,,8,,0
6,15/4/2025,3/5/2025,18,0,,18,,0
6,3/5/2025,14/6/2025,42,0,,42,,0
6,14/6/2025,27/6/2025,13,0,,13,,0
7,6/11/2024,30/11/2024,24,0,,24,,0
7,30/11/2024,11/1/2025,42,0,,42,,0
7,11/1/2025,14/2/2025,2,32,DYS,34,Les 32 premiers jours,"94,1176470588235"
7,15/2/2025,22/2/2025,7,0,DYS,7,Les 32 premiers jours,0
7,22/2/2025,16/3/2025,11,11,DYS,22,Les 11 premiers jours,50
7,16/3/2025,14/4/2025,29,0,SD,29,Les 11 derniers jours,0
7,15/4/2025,3/5/2025,7,11,SD,18,Les 11 derniers jours,"61,1111111111111"
7,3/5/2025,5/6/2025,33,0,,33,,0
7,5/6/2025,27/6/2025,22,0,,22,,0
8,6/11/2024,30/11/2024,16,8,BAT,24,Les 8 derniers jours,"33,3333333333333"
8,30/11/2024,11/1/2025,42,0,,42,,0
8,11/1/2025,14/2/2025,34,0,,34,,0
8,15/2/2025,22/2/2025,7,0,,7,,0
8,22/2/2025,16/3/2025,22,0,,22,,0
8,16/3/2025,14/4/2025,29,0,,29,,0
8,15/4/2025,11/5/2025,26,0,,26,,0
8,11/5/2025,27/6/2025,47,0,,47,,0
9,6/11/2024,30/11/2024,24,0,,24,,0
9,30/11/2024,11/1/2025,42,0,,42,,0
9,11/1/2025,14/2/2025,34,0,,34,,0
9,15/2/2025,22/2/2025,7,0,,7,,0
9,22/2/2025,16/3/2025,22,0,,22,,0
9,16/3/2025,14/4/2025,29,0,,29,,0
9,15/4/2025,11/5/2025,26,0,,26,,0
9,11/5/2025,27/6/2025,47,0,,47,,0
10,6/11/2024,14/12/2024,38,0,,38,,0
10,14/12/2024,26/1/2025,43,0,,43,,0
10,26/1/2025,14/2/2025,19,0,,19,,0
10,15/2/2025,30/3/2025,43,0,,43,,0
10,30/3/2025,14/4/2025,15,0,,15,,0
10,15/4/2025,8/5/2025,23,0,,23,,0
10,8/5/2025,27/6/2025,50,0,,50,,0
11,6/11/2024,14/12/2024,38,0,,38,,0
11,14/12/2024,26/1/2025,43,0,,43,,0
11,26/1/2025,14/2/2025,19,0,,19,,0
11,15/2/2025,30/3/2025,43,0,,43,,0
11,30/3/2025,14/4/2025,6,9,BAT,15,Les 16 derniers jours,60
11,15/4/2025,8/5/2025,16,7,BAT,23,Les 16 derniers jours,"30,4347826086957"
11,8/5/2025,27/6/2025,50,0,,50,,0
12,6/11/2024,14/12/2024,38,0,,38,,0
12,14/12/2024,26/1/2025,43,0,,43,,0
12,26/1/2025,14/2/2025,19,0,,19,,0
12,15/2/2025,30/3/2025,43,0,,43,,0
12,30/3/2025,14/4/2025,15,0,,15,,0
12,15/4/2025,8/5/2025,23,0,,23,,0
12,8/5/2025,27/6/2025,50,0,,50,,0
13,7/11/2024,17/11/2024,10,0,,10,,0
13,17/11/2024,4/1/2025,48,0,,48,,0
13,4/1/2025,31/1/2025,27,0,,27,,0
13,31/1/2025,14/2/2025,14,0,,14,,0
13,15/2/2025,21/2/2025,6,0,,6,,0
13,21/2/2025,26/3/2025,33,0,,33,,0
13,26/3/2025,14/4/2025,19,0,,19,,0
13,15/4/2025,9/5/2025,24,0,,24,,0
13,9/5/2025,13/6/2025,35,0,,35,,0
13,13/6/2025,27/6/2025,14,0,,14,,0
14,7/11/2024,17/11/2024,10,0,,10,,0
14,17/11/2024,4/1/2025,35,13,VEGET,48,Les 13 derniers jours,"27,0833333333333"
14,4/1/2025,31/1/2025,27,0,,27,,0
14,31/1/2025,14/2/2025,14,0,,14,,0
14,15/2/2025,21/2/2025,6,0,,6,,0
14,21/2/2025,26/3/2025,33,0,,33,,0
14,26/3/2025,14/4/2025,19,0,BAT,19,Les 14 derniers jours,0
14,15/4/2025,9/5/2025,10,14,BAT,24,Les 14 derniers jours,"58,3333333333333"
14,9/5/2025,13/6/2025,35,0,,35,,0
14,13/6/2025,27/6/2025,14,0,,14,,0
15,7/11/2024,17/11/2024,10,0,,10,,0
15,17/11/2024,4/1/2025,48,0,,48,,0
15,4/1/2025,31/1/2025,27,0,,27,,0
15,31/1/2025,14/2/2025,14,0,,14,,0
15,15/2/2025,21/2/2025,6,0,,6,,0
15,21/2/2025,26/3/2025,33,0,,33,,0
15,26/3/2025,14/4/2025,19,0,,19,,0
15,15/4/2025,9/5/2025,24,0,,24,,0
15,9/5/2025,13/6/2025,35,0,,35,,0
15,13/6/2025,27/6/2025,14,0,,14,,0
16,7/11/2024,4/12/2024,15,12,SD,27,Les 12 derniers jours,"44,4444444444444"
16,4/12/2024,8/1/2025,22,13,DYS,35,Les 13 derniers jours,"37,1428571428571"
16,8/1/2025,8/2/2025,31,0,,31,,0
16,8/2/2025,14/2/2025,6,0,,6,,0
16,15/2/2025,24/2/2025,9,0,,9,,0
16,24/2/2025,23/3/2025,27,0,,27,,0
16,23/3/2025,14/4/2025,22,0,,22,,0
16,15/4/2025,26/4/2025,11,0,,11,,0
16,26/4/2025,29/5/2025,33,0,,33,,0
16,29/5/2025,27/6/2025,29,0,,29,,0
17,7/11/2024,4/12/2024,27,0,,27,,0
17,4/12/2024,8/1/2025,35,0,,35,,0
17,8/1/2025,8/2/2025,31,0,,31,,0
17,8/2/2025,14/2/2025,6,0,,6,,0
17,15/2/2025,24/2/2025,9,0,,9,,0
17,24/2/2025,23/3/2025,27,0,,27,,0
17,23/3/2025,14/4/2025,22,0,,22,,0
17,15/4/2025,26/4/2025,11,0,,11,,0
17,26/4/2025,29/5/2025,33,0,,33,,0
17,29/5/2025,27/6/2025,29,0,,29,,0
18,7/11/2024,4/12/2024,27,0,,27,,0
18,4/12/2024,8/1/2025,35,0,,35,,0
18,8/1/2025,8/2/2025,31,0,,31,,0
18,8/2/2025,14/2/2025,6,0,,6,,0
18,15/2/2025,24/2/2025,9,0,,9,,0
18,24/2/2025,23/3/2025,27,0,,27,,0
18,23/3/2025,14/4/2025,22,0,,22,,0
18,15/4/2025,26/4/2025,11,0,,11,,0
18,26/4/2025,29/5/2025,33,0,,33,,0
18,29/5/2025,27/6/2025,29,0,,29,,0
19,7/11/2024,21/12/2024,44,0,,44,,0
19,21/12/2024,9/2/2025,50,0,,50,,0
19,9/2/2025,14/2/2025,5,0,,5,,0
19,15/2/2025,23/3/2025,36,0,,36,,0
19,23/3/2025,14/4/2025,22,0,,22,,0
19,15/4/2025,1/6/2025,47,0,,47,,0
19,1/6/2025,27/6/2025,26,0,,26,,0
20,7/11/2024,21/12/2024,44,0,,44,,0
20,21/12/2024,2/1/2025,12,0,,12,,0
20,21/12/2024,9/2/2025,50,0,,50,,0
20,9/2/2025,14/2/2025,5,0,,5,,0
20,15/2/2025,23/3/2025,36,0,,36,,0
20,23/3/2025,14/4/2025,22,0,,22,,0
20,15/4/2025,10/5/2025,25,0,,25,,0
20,10/5/2025,1/6/2025,22,0,,22,,0
20,1/6/2025,27/6/2025,26,0,,26,,0
21,7/11/2024,21/12/2024,44,0,,44,,0
21,21/12/2024,9/2/2025,50,0,,50,,0
21,9/2/2025,14/2/2025,5,0,,5,,0
21,15/2/2025,23/3/2025,36,0,,36,,0
21,23/3/2025,14/4/2025,22,0,,22,,0
21,15/4/2025,10/5/2025,25,0,,25,,0
21,10/5/2025,1/6/2025,22,0,,22,,0
21,1/6/2025,27/6/2025,26,0,,26,,0
22,7/11/2024,22/12/2024,45,0,,45,,0
22,22/12/2024,14/2/2025,54,0,,54,,0
22,15/2/2025,22/2/2025,7,0,,7,,0
22,22/2/2025,5/4/2025,42,0,,42,,0
22,5/4/2025,14/4/2025,9,0,,9,,0
22,15/4/2025,26/4/2025,11,0,,11,,0
22,26/4/2025,8/6/2025,43,0,,43,,0
22,8/6/2025,27/6/2025,19,0,,19,,0
23,7/11/2024,22/12/2024,45,0,,45,,0
23,22/12/2024,14/2/2025,54,0,,54,,0
23,15/2/2025,22/2/2025,7,0,,7,,0
23,22/2/2025,5/4/2025,42,0,,42,,0
23,5/4/2025,14/4/2025,9,0,,9,,0
23,15/4/2025,26/4/2025,11,0,,11,,0
23,26/4/2025,8/6/2025,43,0,,43,,0
23,8/6/2025,27/6/2025,19,0,,19,,0
24,7/11/2024,23/12/2024,46,0,,46,,0
24,23/12/2024,14/2/2025,35,18,DYS,53,Les 25 derniers jours,"33,9622641509434"
24,15/2/2025,22/2/2025,0,7,DYS,7,Les 25 derniers jours,100
24,22/2/2025,5/4/2025,42,0,,42,,0
24,5/4/2025,14/4/2025,9,0,,9,,0
24,15/4/2025,8/6/2025,54,0,,54,,0
24,8/6/2025,27/6/2025,19,0,,19,,0
